id,pm25
Aotizhongxin_2016-07-01,11.949
Changping_2016-07-01,9.883
Dingling_2016-07-01,9.994
Dongsi_2016-07-01,13.843
Guanyuan_2016-07-01,13.478
Gucheng_2016-07-01,18.335
Huairou_2016-07-01,9.269
Nongzhanguan_2016-07-01,12.862
Shunyi_2016-07-01,10.882
Tiantan_2016-07-01,14.143
Wanliu_2016-07-01,16.417
Wanshouxigong_2016-07-01,16.146
Aotizhongxin_2016-07-02,38.06
Changping_2016-07-02,31.629
Dingling_2016-07-02,24.031
Dongsi_2016-07-02,43.913
Guanyuan_2016-07-02,44.696
Gucheng_2016-07-02,38.938
Huairou_2016-07-02,31.56
Nongzhanguan_2016-07-02,41.614
Shunyi_2016-07-02,41.927
Tiantan_2016-07-02,39.453
Wanliu_2016-07-02,41.053
Wanshouxigong_2016-07-02,45.994
Aotizhongxin_2016-07-03,78.962
Changping_2016-07-03,73.846
Dingling_2016-07-03,63.187
Dongsi_2016-07-03,85.458
Guanyuan_2016-07-03,90.798
Gucheng_2016-07-03,109.589
Huairou_2016-07-03,51.71
Nongzhanguan_2016-07-03,77.176
Shunyi_2016-07-03,60.209
Tiantan_2016-07-03,81.269
Wanliu_2016-07-03,85.806
Wanshouxigong_2016-07-03,85.555
Aotizhongxin_2016-07-04,124.123
Changping_2016-07-04,128.639
Dingling_2016-07-04,112.332
Dongsi_2016-07-04,132.006
Guanyuan_2016-07-04,133.478
Gucheng_2016-07-04,129.834
Huairou_2016-07-04,107.644
Nongzhanguan_2016-07-04,127.289
Shunyi_2016-07-04,105.321
Tiantan_2016-07-04,128.909
Wanliu_2016-07-04,115.698
Wanshouxigong_2016-07-04,122.278
Aotizhongxin_2016-07-05,80.306
Changping_2016-07-05,80.716
Dingling_2016-07-05,64.476
Dongsi_2016-07-05,89.435
Guanyuan_2016-07-05,91.664
Gucheng_2016-07-05,90.085
Huairou_2016-07-05,72.619
Nongzhanguan_2016-07-05,83.007
Shunyi_2016-07-05,72.783
Tiantan_2016-07-05,85.201
Wanliu_2016-07-05,86.359
Wanshouxigong_2016-07-05,88.219
Aotizhongxin_2016-07-06,62.8
Changping_2016-07-06,74.037
Dingling_2016-07-06,60.782
Dongsi_2016-07-06,68.139
Guanyuan_2016-07-06,73.517
Gucheng_2016-07-06,82.501
Huairou_2016-07-06,65.837
Nongzhanguan_2016-07-06,67.466
Shunyi_2016-07-06,73.73
Tiantan_2016-07-06,65.042
Wanliu_2016-07-06,70.356
Wanshouxigong_2016-07-06,72.901
Aotizhongxin_2016-07-07,102.406
Changping_2016-07-07,98.618
Dingling_2016-07-07,87.121
Dongsi_2016-07-07,108.818
Guanyuan_2016-07-07,107.529
Gucheng_2016-07-07,119.34
Huairou_2016-07-07,97.752
Nongzhanguan_2016-07-07,102.29
Shunyi_2016-07-07,100.883
Tiantan_2016-07-07,105.185
Wanliu_2016-07-07,101.088
Wanshouxigong_2016-07-07,107.269
Aotizhongxin_2016-07-08,91.441
Changping_2016-07-08,85.019
Dingling_2016-07-08,80.928
Dongsi_2016-07-08,104.552
Guanyuan_2016-07-08,107.326
Gucheng_2016-07-08,106.831
Huairou_2016-07-08,71.541
Nongzhanguan_2016-07-08,89.928
Shunyi_2016-07-08,77.499
Tiantan_2016-07-08,92.235
Wanliu_2016-07-08,88.067
Wanshouxigong_2016-07-08,94.947
Aotizhongxin_2016-07-09,69.77
Changping_2016-07-09,69.308
Dingling_2016-07-09,65.695
Dongsi_2016-07-09,91.996
Guanyuan_2016-07-09,82.369
Gucheng_2016-07-09,86.484
Huairou_2016-07-09,54.528
Nongzhanguan_2016-07-09,71.086
Shunyi_2016-07-09,63.631
Tiantan_2016-07-09,69.45
Wanliu_2016-07-09,71.712
Wanshouxigong_2016-07-09,74.355
Aotizhongxin_2016-07-10,72.074
Changping_2016-07-10,87.167
Dingling_2016-07-10,75.943
Dongsi_2016-07-10,88.181
Guanyuan_2016-07-10,90.043
Gucheng_2016-07-10,88.056
Huairou_2016-07-10,84.539
Nongzhanguan_2016-07-10,73.058
Shunyi_2016-07-10,76.131
Tiantan_2016-07-10,73.822
Wanliu_2016-07-10,78.096
Wanshouxigong_2016-07-10,77.82
Aotizhongxin_2016-07-11,69.8
Changping_2016-07-11,75.818
Dingling_2016-07-11,64.964
Guanyuan_2016-07-11,81.854
Gucheng_2016-07-11,82.297
Huairou_2016-07-11,65.357
Nongzhanguan_2016-07-11,70.74
Shunyi_2016-07-11,67.053
Tiantan_2016-07-11,72.49
Wanliu_2016-07-11,74.779
Wanshouxigong_2016-07-11,79.106
Aotizhongxin_2016-07-12,29.371
Changping_2016-07-12,34.455
Dingling_2016-07-12,31.605
Guanyuan_2016-07-12,36.798
Gucheng_2016-07-12,40.329
Huairou_2016-07-12,34.485
Nongzhanguan_2016-07-12,34.383
Shunyi_2016-07-12,35.229
Tiantan_2016-07-12,36.844
Wanliu_2016-07-12,37.181
Wanshouxigong_2016-07-12,35.55
Aotizhongxin_2016-07-13,16.508
Changping_2016-07-13,15.957
Dingling_2016-07-13,22.037
Dongsi_2016-07-13,25.725
Guanyuan_2016-07-13,22.271
Gucheng_2016-07-13,24.383
Huairou_2016-07-13,12.934
Nongzhanguan_2016-07-13,21.266
Shunyi_2016-07-13,14.59
Tiantan_2016-07-13,22.911
Wanliu_2016-07-13,20.817
Wanshouxigong_2016-07-13,21.462
Aotizhongxin_2016-07-14,42.619
Changping_2016-07-14,44.69
Dingling_2016-07-14,36.64
Dongsi_2016-07-14,36.023
Guanyuan_2016-07-14,41.792
Gucheng_2016-07-14,54.434
Huairou_2016-07-14,35.074
Nongzhanguan_2016-07-14,40.688
Shunyi_2016-07-14,39.883
Tiantan_2016-07-14,39.804
Wanliu_2016-07-14,47.002
Wanshouxigong_2016-07-14,39.887
Aotizhongxin_2016-07-15,39.279
Changping_2016-07-15,31.523
Dingling_2016-07-15,27.016
Dongsi_2016-07-15,40.405
Guanyuan_2016-07-15,42.112
Gucheng_2016-07-15,39.86
Huairou_2016-07-15,27.165
Nongzhanguan_2016-07-15,35.71
Shunyi_2016-07-15,29.472
Tiantan_2016-07-15,36.775
Wanliu_2016-07-15,35.566
Wanshouxigong_2016-07-15,38.053
Aotizhongxin_2016-07-16,34.049
Changping_2016-07-16,29.296
Dingling_2016-07-16,21.892
Dongsi_2016-07-16,37.778
Guanyuan_2016-07-16,38.252
Gucheng_2016-07-16,41.553
Huairou_2016-07-16,23.174
Nongzhanguan_2016-07-16,34.314
Shunyi_2016-07-16,24.757
Tiantan_2016-07-16,37.081
Wanliu_2016-07-16,36.77
Wanshouxigong_2016-07-16,38.665
Aotizhongxin_2016-07-17,69.728
Changping_2016-07-17,65.037
Dingling_2016-07-17,58.693
Dongsi_2016-07-17,75.007
Guanyuan_2016-07-17,76.858
Gucheng_2016-07-17,79.791
Huairou_2016-07-17,51.307
Nongzhanguan_2016-07-17,78.345
Shunyi_2016-07-17,66.46
Tiantan_2016-07-17,72.513
Wanliu_2016-07-17,65.684
Wanshouxigong_2016-07-17,75.251
Aotizhongxin_2016-07-18,100.082
Changping_2016-07-18,88.005
Dingling_2016-07-18,93.629
Dongsi_2016-07-18,107.917
Guanyuan_2016-07-18,116.199
Gucheng_2016-07-18,125.838
Huairou_2016-07-18,92.713
Nongzhanguan_2016-07-18,104.11
Tiantan_2016-07-18,106.787
Wanliu_2016-07-18,103.298
Wanshouxigong_2016-07-18,108.41
Aotizhongxin_2016-07-19,98.2
Changping_2016-07-19,75.5
Dingling_2016-07-19,77.513
Dongsi_2016-07-19,114.666
Guanyuan_2016-07-19,116.492
Gucheng_2016-07-19,120.071
Huairou_2016-07-19,72.166
Nongzhanguan_2016-07-19,105.275
Shunyi_2016-07-19,77.757
Tiantan_2016-07-19,116.579
Wanliu_2016-07-19,92.418
Wanshouxigong_2016-07-19,118.776
Aotizhongxin_2016-07-20,45.869
Changping_2016-07-20,33.177
Dingling_2016-07-20,30.18
Dongsi_2016-07-20,51.464
Guanyuan_2016-07-20,50.969
Gucheng_2016-07-20,43.059
Huairou_2016-07-20,36.118
Nongzhanguan_2016-07-20,44.881
Shunyi_2016-07-20,36.859
Tiantan_2016-07-20,45.614
Wanliu_2016-07-20,48.464
Wanshouxigong_2016-07-20,49.575
Aotizhongxin_2016-07-21,37.134
Changping_2016-07-21,30.412
Dingling_2016-07-21,23.535
Dongsi_2016-07-21,39.826
Guanyuan_2016-07-21,48.767
Gucheng_2016-07-21,36.668
Huairou_2016-07-21,21.173
Nongzhanguan_2016-07-21,33.739
Shunyi_2016-07-21,25.242
Tiantan_2016-07-21,38.188
Wanliu_2016-07-21,36.468
Wanshouxigong_2016-07-21,39.473
Aotizhongxin_2016-07-22,82.348
Changping_2016-07-22,72.579
Dingling_2016-07-22,62.727
Dongsi_2016-07-22,88.805
Gucheng_2016-07-22,77.393
Huairou_2016-07-22,65.063
Nongzhanguan_2016-07-22,77.851
Shunyi_2016-07-22,70.654
Tiantan_2016-07-22,80.466
Wanliu_2016-07-22,75.4
Wanshouxigong_2016-07-22,85.104
Aotizhongxin_2016-07-23,130.764
Changping_2016-07-23,113.855
Dingling_2016-07-23,105.132
Gucheng_2016-07-23,143.137
Huairou_2016-07-23,97.476
Nongzhanguan_2016-07-23,125.927
Shunyi_2016-07-23,101.611
Tiantan_2016-07-23,132.952
Wanliu_2016-07-23,133.604
Wanshouxigong_2016-07-23,143.265
Aotizhongxin_2016-07-24,74.109
Changping_2016-07-24,62.115
Dingling_2016-07-24,54.73
Gucheng_2016-07-24,84.333
Huairou_2016-07-24,52.863
Nongzhanguan_2016-07-24,78.382
Shunyi_2016-07-24,60.112
Tiantan_2016-07-24,80.841
Wanliu_2016-07-24,76.639
Wanshouxigong_2016-07-24,84.934
Changping_2016-07-25,47.833
Dingling_2016-07-25,42.636
Guanyuan_2016-07-25,59.203
Gucheng_2016-07-25,63.915
Huairou_2016-07-25,42.117
Nongzhanguan_2016-07-25,55.086
Shunyi_2016-07-25,37.074
Tiantan_2016-07-25,51.427
Wanliu_2016-07-25,73.272
Wanshouxigong_2016-07-25,52.726
Changping_2016-07-26,22.015
Dingling_2016-07-26,17.293
Dongsi_2016-07-26,24.955
Guanyuan_2016-07-26,21.894
Gucheng_2016-07-26,27.33
Huairou_2016-07-26,17.051
Nongzhanguan_2016-07-26,22.517
Shunyi_2016-07-26,14.629
Tiantan_2016-07-26,26.255
Wanliu_2016-07-26,22.911
Aotizhongxin_2016-07-27,58.35
Changping_2016-07-27,41.574
Dingling_2016-07-27,37.371
Dongsi_2016-07-27,70.702
Guanyuan_2016-07-27,69.357
Gucheng_2016-07-27,64.413
Huairou_2016-07-27,37.254
Nongzhanguan_2016-07-27,63.977
Shunyi_2016-07-27,49.547
Tiantan_2016-07-27,69.953
Wanliu_2016-07-27,50.594
Wanshouxigong_2016-07-27,70.701
Aotizhongxin_2016-07-28,51.65
Changping_2016-07-28,38.872
Dingling_2016-07-28,37.96
Guanyuan_2016-07-28,56.121
Gucheng_2016-07-28,52.021
Huairou_2016-07-28,32.321
Nongzhanguan_2016-07-28,56.129
Shunyi_2016-07-28,41.073
Tiantan_2016-07-28,49.483
Wanliu_2016-07-28,44.163
Wanshouxigong_2016-07-28,53.398
Aotizhongxin_2016-07-29,123.079
Changping_2016-07-29,117.872
Dingling_2016-07-29,122.358
Guanyuan_2016-07-29,128.089
Gucheng_2016-07-29,129.709
Huairou_2016-07-29,112.432
Nongzhanguan_2016-07-29,123.756
Shunyi_2016-07-29,119.932
Tiantan_2016-07-29,131.806
Wanliu_2016-07-29,110.308
Wanshouxigong_2016-07-29,127.129
Aotizhongxin_2016-07-30,145.095
Changping_2016-07-30,132.619
Dingling_2016-07-30,127.888
Dongsi_2016-07-30,158.112
Guanyuan_2016-07-30,141.403
Gucheng_2016-07-30,148.813
Huairou_2016-07-30,108.443
Nongzhanguan_2016-07-30,138.549
Shunyi_2016-07-30,131.286
Tiantan_2016-07-30,147.512
Wanliu_2016-07-30,131.041
Wanshouxigong_2016-07-30,148.837
Aotizhongxin_2016-07-31,60.352
Changping_2016-07-31,53.599
Dingling_2016-07-31,54.333
Dongsi_2016-07-31,71.063
Guanyuan_2016-07-31,66.592
Gucheng_2016-07-31,64.254
Huairou_2016-07-31,39.354
Nongzhanguan_2016-07-31,65.189
Shunyi_2016-07-31,52.69
Tiantan_2016-07-31,74.251
Wanliu_2016-07-31,44.448
Wanshouxigong_2016-07-31,72.384
Aotizhongxin_2016-08-01,71.957
Changping_2016-08-01,62.195
Dingling_2016-08-01,63.523
Dongsi_2016-08-01,79.575
Guanyuan_2016-08-01,80.71
Gucheng_2016-08-01,91.978
Huairou_2016-08-01,57.872
Nongzhanguan_2016-08-01,70.994
Shunyi_2016-08-01,61.628
Tiantan_2016-08-01,79.989
Wanliu_2016-08-01,64.678
Wanshouxigong_2016-08-01,84.644
Aotizhongxin_2016-08-02,54.019
Changping_2016-08-02,38.808
Dingling_2016-08-02,33.315
Dongsi_2016-08-02,59.147
Guanyuan_2016-08-02,65.61
Gucheng_2016-08-02,57.767
Huairou_2016-08-02,36.59
Nongzhanguan_2016-08-02,58.262
Shunyi_2016-08-02,39.454
Tiantan_2016-08-02,59.679
Wanliu_2016-08-02,53.691
Wanshouxigong_2016-08-02,65.974
Aotizhongxin_2016-08-03,54.834
Changping_2016-08-03,41.822
Dingling_2016-08-03,35.133
Dongsi_2016-08-03,69.124
Guanyuan_2016-08-03,70.221
Gucheng_2016-08-03,68.288
Huairou_2016-08-03,38.806
Nongzhanguan_2016-08-03,66.359
Shunyi_2016-08-03,51.391
Tiantan_2016-08-03,70.758
Wanliu_2016-08-03,58.402
Wanshouxigong_2016-08-03,73.705
Aotizhongxin_2016-08-04,96.666
Changping_2016-08-04,86.307
Dingling_2016-08-04,77.278
Dongsi_2016-08-04,106.307
Guanyuan_2016-08-04,103.676
Gucheng_2016-08-04,109.987
Huairou_2016-08-04,91.982
Nongzhanguan_2016-08-04,100.74
Tiantan_2016-08-04,97.19
Wanliu_2016-08-04,95.842
Wanshouxigong_2016-08-04,102.554
Aotizhongxin_2016-08-05,53.088
Changping_2016-08-05,61.922
Dingling_2016-08-05,61.021
Dongsi_2016-08-05,58.815
Guanyuan_2016-08-05,59.95
Gucheng_2016-08-05,71.938
Huairou_2016-08-05,49.19
Nongzhanguan_2016-08-05,56.918
Shunyi_2016-08-05,49.65
Tiantan_2016-08-05,55.736
Wanliu_2016-08-05,54.281
Wanshouxigong_2016-08-05,66.807
Aotizhongxin_2016-08-06,95.644
Changping_2016-08-06,88.765
Dingling_2016-08-06,82.959
Dongsi_2016-08-06,106.346
Guanyuan_2016-08-06,102.595
Gucheng_2016-08-06,105.065
Huairou_2016-08-06,84.943
Nongzhanguan_2016-08-06,100.979
Shunyi_2016-08-06,85.425
Tiantan_2016-08-06,100.715
Wanliu_2016-08-06,88.397
Wanshouxigong_2016-08-06,105.025
Aotizhongxin_2016-08-07,20.762
Changping_2016-08-07,24.588
Dingling_2016-08-07,20.829
Dongsi_2016-08-07,26.265
Guanyuan_2016-08-07,23.166
Gucheng_2016-08-07,26.699
Huairou_2016-08-07,25.013
Nongzhanguan_2016-08-07,25.569
Shunyi_2016-08-07,18.503
Tiantan_2016-08-07,24.753
Wanliu_2016-08-07,25.235
Wanshouxigong_2016-08-07,27.465
Aotizhongxin_2016-08-08,27.611
Changping_2016-08-08,25.137
Dingling_2016-08-08,18.621
Dongsi_2016-08-08,32.659
Guanyuan_2016-08-08,33.49
Gucheng_2016-08-08,36.206
Huairou_2016-08-08,17.585
Nongzhanguan_2016-08-08,32.713
Shunyi_2016-08-08,24.753
Tiantan_2016-08-08,31.167
Wanliu_2016-08-08,27.503
Wanshouxigong_2016-08-08,35.382
Aotizhongxin_2016-08-09,41.566
Changping_2016-08-09,48.33
Dingling_2016-08-09,44.045
Dongsi_2016-08-09,52.01
Guanyuan_2016-08-09,55.136
Gucheng_2016-08-09,63.687
Huairou_2016-08-09,40.545
Nongzhanguan_2016-08-09,52.88
Shunyi_2016-08-09,50.872
Tiantan_2016-08-09,51.87
Wanliu_2016-08-09,48.229
Wanshouxigong_2016-08-09,51.675
Aotizhongxin_2016-08-10,66.251
Changping_2016-08-10,74.722
Dingling_2016-08-10,70.231
Dongsi_2016-08-10,77.2
Guanyuan_2016-08-10,78.115
Gucheng_2016-08-10,89.57
Huairou_2016-08-10,84.816
Nongzhanguan_2016-08-10,74.723
Shunyi_2016-08-10,78.524
Tiantan_2016-08-10,71.984
Wanliu_2016-08-10,69.762
Wanshouxigong_2016-08-10,76.118
Aotizhongxin_2016-08-11,71.048
Changping_2016-08-11,92.395
Dingling_2016-08-11,83.208
Dongsi_2016-08-11,78.242
Guanyuan_2016-08-11,86.206
Gucheng_2016-08-11,104.15
Huairou_2016-08-11,64.458
Nongzhanguan_2016-08-11,71.573
Shunyi_2016-08-11,69.847
Tiantan_2016-08-11,72.024
Wanliu_2016-08-11,80.715
Wanshouxigong_2016-08-11,81.416
Aotizhongxin_2016-08-12,60.593
Changping_2016-08-12,76.22
Dingling_2016-08-12,66.649
Dongsi_2016-08-12,70.352
Guanyuan_2016-08-12,75.654
Gucheng_2016-08-12,81.573
Huairou_2016-08-12,51.701
Nongzhanguan_2016-08-12,61.327
Shunyi_2016-08-12,57.671
Tiantan_2016-08-12,61.0
Wanliu_2016-08-12,64.58
Wanshouxigong_2016-08-12,61.272
Aotizhongxin_2016-08-13,22.74
Changping_2016-08-13,26.254
Dingling_2016-08-13,20.532
Dongsi_2016-08-13,27.888
Guanyuan_2016-08-13,27.202
Gucheng_2016-08-13,31.083
Huairou_2016-08-13,14.045
Nongzhanguan_2016-08-13,26.014
Shunyi_2016-08-13,17.58
Tiantan_2016-08-13,26.592
Wanliu_2016-08-13,25.865
Wanshouxigong_2016-08-13,24.93
Aotizhongxin_2016-08-14,17.075
Changping_2016-08-14,21.194
Dingling_2016-08-14,13.414
Dongsi_2016-08-14,28.575
Guanyuan_2016-08-14,28.343
Gucheng_2016-08-14,32.638
Huairou_2016-08-14,13.802
Nongzhanguan_2016-08-14,23.834
Shunyi_2016-08-14,18.016
Tiantan_2016-08-14,26.44
Wanliu_2016-08-14,26.438
Wanshouxigong_2016-08-14,33.455
Aotizhongxin_2016-08-15,20.618
Changping_2016-08-15,23.022
Dingling_2016-08-15,16.951
Dongsi_2016-08-15,29.331
Guanyuan_2016-08-15,24.625
Gucheng_2016-08-15,22.264
Huairou_2016-08-15,14.036
Nongzhanguan_2016-08-15,27.639
Shunyi_2016-08-15,22.363
Tiantan_2016-08-15,21.72
Wanliu_2016-08-15,21.136
Wanshouxigong_2016-08-15,32.982
Aotizhongxin_2016-08-16,20.561
Changping_2016-08-16,24.196
Dingling_2016-08-16,19.438
Dongsi_2016-08-16,29.254
Guanyuan_2016-08-16,31.038
Gucheng_2016-08-16,29.143
Huairou_2016-08-16,20.261
Nongzhanguan_2016-08-16,27.032
Shunyi_2016-08-16,24.991
Tiantan_2016-08-16,26.806
Wanliu_2016-08-16,25.739
Wanshouxigong_2016-08-16,29.848
Aotizhongxin_2016-08-17,65.598
Changping_2016-08-17,58.842
Dingling_2016-08-17,50.779
Dongsi_2016-08-17,80.894
Guanyuan_2016-08-17,86.632
Gucheng_2016-08-17,92.879
Huairou_2016-08-17,48.894
Nongzhanguan_2016-08-17,82.621
Shunyi_2016-08-17,57.849
Tiantan_2016-08-17,77.33
Wanliu_2016-08-17,67.936
Wanshouxigong_2016-08-17,80.674
Aotizhongxin_2016-08-18,84.194
Changping_2016-08-18,70.045
Dingling_2016-08-18,63.527
Dongsi_2016-08-18,96.745
Guanyuan_2016-08-18,92.27
Gucheng_2016-08-18,84.07
Huairou_2016-08-18,57.275
Nongzhanguan_2016-08-18,89.296
Shunyi_2016-08-18,70.944
Tiantan_2016-08-18,93.017
Wanliu_2016-08-18,82.656
Wanshouxigong_2016-08-18,95.067
Aotizhongxin_2016-08-19,21.585
Changping_2016-08-19,18.109
Dingling_2016-08-19,14.684
Dongsi_2016-08-19,24.398
Guanyuan_2016-08-19,25.73
Gucheng_2016-08-19,26.383
Huairou_2016-08-19,16.614
Nongzhanguan_2016-08-19,23.812
Shunyi_2016-08-19,19.012
Tiantan_2016-08-19,26.07
Wanliu_2016-08-19,21.326
Wanshouxigong_2016-08-19,23.973
Aotizhongxin_2016-08-20,48.843
Changping_2016-08-20,47.245
Dingling_2016-08-20,38.73
Dongsi_2016-08-20,57.176
Guanyuan_2016-08-20,62.081
Gucheng_2016-08-20,76.811
Huairou_2016-08-20,30.842
Nongzhanguan_2016-08-20,53.273
Shunyi_2016-08-20,37.794
Tiantan_2016-08-20,53.993
Wanliu_2016-08-20,60.044
Wanshouxigong_2016-08-20,61.745
Aotizhongxin_2016-08-21,49.241
Changping_2016-08-21,51.64
Dingling_2016-08-21,48.913
Dongsi_2016-08-21,69.332
Guanyuan_2016-08-21,65.72
Gucheng_2016-08-21,65.118
Huairou_2016-08-21,41.642
Nongzhanguan_2016-08-21,65.665
Shunyi_2016-08-21,49.727
Tiantan_2016-08-21,62.046
Wanliu_2016-08-21,54.194
Wanshouxigong_2016-08-21,67.182
Aotizhongxin_2016-08-22,39.193
Changping_2016-08-22,58.272
Dingling_2016-08-22,50.506
Dongsi_2016-08-22,50.04
Guanyuan_2016-08-22,46.796
Gucheng_2016-08-22,65.164
Huairou_2016-08-22,57.343
Nongzhanguan_2016-08-22,49.555
Shunyi_2016-08-22,60.294
Tiantan_2016-08-22,48.118
Wanliu_2016-08-22,48.205
Wanshouxigong_2016-08-22,53.27
Aotizhongxin_2016-08-23,49.748
Changping_2016-08-23,71.17
Dingling_2016-08-23,60.3
Dongsi_2016-08-23,63.966
Guanyuan_2016-08-23,67.617
Gucheng_2016-08-23,85.872
Huairou_2016-08-23,61.526
Nongzhanguan_2016-08-23,57.303
Shunyi_2016-08-23,61.387
Tiantan_2016-08-23,58.182
Wanliu_2016-08-23,63.996
Wanshouxigong_2016-08-23,66.697
Aotizhongxin_2016-08-24,62.319
Changping_2016-08-24,67.471
Dingling_2016-08-24,57.342
Dongsi_2016-08-24,75.67
Guanyuan_2016-08-24,77.369
Gucheng_2016-08-24,102.095
Huairou_2016-08-24,61.643
Nongzhanguan_2016-08-24,73.175
Shunyi_2016-08-24,64.05
Tiantan_2016-08-24,76.289
Wanliu_2016-08-24,82.86
Wanshouxigong_2016-08-24,77.462
Aotizhongxin_2016-08-25,11.003
Changping_2016-08-25,11.968
Dingling_2016-08-25,9.569
Dongsi_2016-08-25,15.081
Guanyuan_2016-08-25,15.624
Gucheng_2016-08-25,9.586
Huairou_2016-08-25,7.684
Nongzhanguan_2016-08-25,12.409
Shunyi_2016-08-25,14.432
Tiantan_2016-08-25,16.514
Wanliu_2016-08-25,11.661
Wanshouxigong_2016-08-25,13.893
Aotizhongxin_2016-08-26,9.369
Changping_2016-08-26,14.362
Dingling_2016-08-26,9.442
Dongsi_2016-08-26,10.69
Guanyuan_2016-08-26,11.403
Gucheng_2016-08-26,11.136
Huairou_2016-08-26,7.719
Nongzhanguan_2016-08-26,10.592
Shunyi_2016-08-26,10.914
Tiantan_2016-08-26,15.009
Wanliu_2016-08-26,10.475
Wanshouxigong_2016-08-26,12.375
Aotizhongxin_2016-08-27,15.465
Changping_2016-08-27,15.416
Dingling_2016-08-27,12.61
Dongsi_2016-08-27,19.231
Guanyuan_2016-08-27,22.589
Gucheng_2016-08-27,15.954
Huairou_2016-08-27,15.924
Nongzhanguan_2016-08-27,19.207
Shunyi_2016-08-27,15.492
Tiantan_2016-08-27,20.561
Wanliu_2016-08-27,20.375
Wanshouxigong_2016-08-27,21.746
Aotizhongxin_2016-08-28,12.004
Changping_2016-08-28,9.964
Dingling_2016-08-28,9.145
Dongsi_2016-08-28,13.38
Guanyuan_2016-08-28,14.859
Gucheng_2016-08-28,16.3
Huairou_2016-08-28,9.094
Nongzhanguan_2016-08-28,12.788
Shunyi_2016-08-28,10.281
Tiantan_2016-08-28,14.797
Wanliu_2016-08-28,11.338
Wanshouxigong_2016-08-28,13.405
Aotizhongxin_2016-08-29,17.845
Changping_2016-08-29,18.462
Dingling_2016-08-29,15.749
Dongsi_2016-08-29,22.628
Guanyuan_2016-08-29,23.956
Gucheng_2016-08-29,34.254
Huairou_2016-08-29,13.874
Nongzhanguan_2016-08-29,22.167
Shunyi_2016-08-29,20.678
Tiantan_2016-08-29,24.626
Wanliu_2016-08-29,27.834
Wanshouxigong_2016-08-29,26.264
Aotizhongxin_2016-08-30,33.921
Changping_2016-08-30,24.28
Dingling_2016-08-30,20.843
Dongsi_2016-08-30,41.393
Guanyuan_2016-08-30,39.703
Gucheng_2016-08-30,49.722
Huairou_2016-08-30,21.098
Nongzhanguan_2016-08-30,44.289
Shunyi_2016-08-30,35.368
Tiantan_2016-08-30,36.375
Wanliu_2016-08-30,39.135
Wanshouxigong_2016-08-30,46.116
Aotizhongxin_2016-08-31,17.671
Changping_2016-08-31,11.039
Dingling_2016-08-31,10.14
Dongsi_2016-08-31,16.383
Guanyuan_2016-08-31,13.814
Gucheng_2016-08-31,13.335
Huairou_2016-08-31,7.197
Nongzhanguan_2016-08-31,17.489
Shunyi_2016-08-31,12.679
Tiantan_2016-08-31,17.605
Wanliu_2016-08-31,14.204
Wanshouxigong_2016-08-31,14.469
Aotizhongxin_2016-09-01,10.356
Changping_2016-09-01,11.863
Dingling_2016-09-01,11.033
Dongsi_2016-09-01,11.819
Guanyuan_2016-09-01,12.738
Gucheng_2016-09-01,12.895
Huairou_2016-09-01,6.092
Nongzhanguan_2016-09-01,11.921
Shunyi_2016-09-01,9.236
Tiantan_2016-09-01,14.097
Wanliu_2016-09-01,12.837
Wanshouxigong_2016-09-01,12.569
Aotizhongxin_2016-09-02,15.289
Changping_2016-09-02,13.808
Dingling_2016-09-02,14.101
Dongsi_2016-09-02,18.66
Guanyuan_2016-09-02,18.701
Gucheng_2016-09-02,26.035
Huairou_2016-09-02,12.35
Nongzhanguan_2016-09-02,18.477
Shunyi_2016-09-02,13.725
Tiantan_2016-09-02,19.423
Wanliu_2016-09-02,17.81
Wanshouxigong_2016-09-02,18.893
Aotizhongxin_2016-09-03,18.686
Changping_2016-09-03,19.863
Dingling_2016-09-03,17.148
Dongsi_2016-09-03,24.968
Guanyuan_2016-09-03,26.987
Gucheng_2016-09-03,34.418
Huairou_2016-09-03,16.427
Nongzhanguan_2016-09-03,22.632
Shunyi_2016-09-03,19.862
Tiantan_2016-09-03,23.209
Wanliu_2016-09-03,24.122
Wanshouxigong_2016-09-03,27.953
Aotizhongxin_2016-09-04,72.575
Changping_2016-09-04,75.238
Dingling_2016-09-04,75.666
Dongsi_2016-09-04,77.571
Guanyuan_2016-09-04,81.059
Gucheng_2016-09-04,104.464
Huairou_2016-09-04,76.327
Nongzhanguan_2016-09-04,74.621
Tiantan_2016-09-04,76.173
Wanliu_2016-09-04,75.46
Wanshouxigong_2016-09-04,79.578
Aotizhongxin_2016-09-05,19.709
Changping_2016-09-05,18.898
Dingling_2016-09-05,17.302
Dongsi_2016-09-05,25.785
Guanyuan_2016-09-05,26.548
Gucheng_2016-09-05,27.562
Huairou_2016-09-05,16.682
Nongzhanguan_2016-09-05,23.813
Shunyi_2016-09-05,21.71
Tiantan_2016-09-05,26.756
Wanliu_2016-09-05,26.274
Wanshouxigong_2016-09-05,27.498
Aotizhongxin_2016-09-06,14.677
Changping_2016-09-06,15.537
Dingling_2016-09-06,13.826
Dongsi_2016-09-06,22.762
Guanyuan_2016-09-06,21.664
Gucheng_2016-09-06,30.723
Huairou_2016-09-06,18.707
Nongzhanguan_2016-09-06,21.188
Shunyi_2016-09-06,18.244
Tiantan_2016-09-06,22.066
Wanliu_2016-09-06,28.253
Wanshouxigong_2016-09-06,22.165
Aotizhongxin_2016-09-08,20.186
Changping_2016-09-08,19.214
Dingling_2016-09-08,14.937
Dongsi_2016-09-08,26.6
Guanyuan_2016-09-08,25.686
Gucheng_2016-09-08,28.313
Huairou_2016-09-08,15.248
Nongzhanguan_2016-09-08,25.272
Shunyi_2016-09-08,22.04
Tiantan_2016-09-08,24.054
Wanliu_2016-09-08,22.372
Wanshouxigong_2016-09-08,27.763
Aotizhongxin_2016-09-09,18.256
Changping_2016-09-09,19.673
Dingling_2016-09-09,11.457
Dongsi_2016-09-09,22.946
Guanyuan_2016-09-09,19.734
Gucheng_2016-09-09,27.902
Huairou_2016-09-09,15.361
Nongzhanguan_2016-09-09,18.963
Shunyi_2016-09-09,20.52
Tiantan_2016-09-09,22.475
Wanliu_2016-09-09,20.161
Wanshouxigong_2016-09-09,21.1
Aotizhongxin_2016-09-10,17.625
Changping_2016-09-10,18.065
Dingling_2016-09-10,14.221
Dongsi_2016-09-10,20.079
Guanyuan_2016-09-10,19.498
Gucheng_2016-09-10,27.856
Huairou_2016-09-10,16.595
Nongzhanguan_2016-09-10,18.998
Shunyi_2016-09-10,19.214
Tiantan_2016-09-10,18.817
Wanliu_2016-09-10,21.414
Wanshouxigong_2016-09-10,23.854
Aotizhongxin_2016-09-11,37.801
Changping_2016-09-11,23.538
Dingling_2016-09-11,22.858
Dongsi_2016-09-11,41.71
Guanyuan_2016-09-11,37.955
Gucheng_2016-09-11,39.268
Huairou_2016-09-11,22.423
Nongzhanguan_2016-09-11,39.915
Shunyi_2016-09-11,29.335
Tiantan_2016-09-11,40.47
Wanliu_2016-09-11,33.553
Wanshouxigong_2016-09-11,40.067
Aotizhongxin_2016-09-12,28.11
Changping_2016-09-12,28.467
Dingling_2016-09-12,24.682
Guanyuan_2016-09-12,34.662
Gucheng_2016-09-12,51.209
Huairou_2016-09-12,21.461
Nongzhanguan_2016-09-12,32.205
Shunyi_2016-09-12,25.435
Tiantan_2016-09-12,29.632
Wanliu_2016-09-12,33.58
Wanshouxigong_2016-09-12,33.291
Aotizhongxin_2016-09-13,78.993
Changping_2016-09-13,73.445
Dingling_2016-09-13,60.032
Dongsi_2016-09-13,83.262
Guanyuan_2016-09-13,82.644
Gucheng_2016-09-13,106.076
Huairou_2016-09-13,67.129
Nongzhanguan_2016-09-13,78.1
Shunyi_2016-09-13,80.565
Tiantan_2016-09-13,80.792
Wanliu_2016-09-13,73.774
Wanshouxigong_2016-09-13,85.345
Aotizhongxin_2016-09-14,83.719
Changping_2016-09-14,83.075
Dingling_2016-09-14,71.246
Dongsi_2016-09-14,91.127
Guanyuan_2016-09-14,88.142
Gucheng_2016-09-14,100.212
Huairou_2016-09-14,91.167
Nongzhanguan_2016-09-14,84.494
Tiantan_2016-09-14,88.799
Wanliu_2016-09-14,78.158
Wanshouxigong_2016-09-14,91.754
Aotizhongxin_2016-09-15,57.795
Changping_2016-09-15,43.006
Dingling_2016-09-15,28.686
Dongsi_2016-09-15,72.801
Guanyuan_2016-09-15,69.781
Gucheng_2016-09-15,87.697
Huairou_2016-09-15,47.303
Nongzhanguan_2016-09-15,68.877
Tiantan_2016-09-15,67.902
Wanliu_2016-09-15,55.338
Wanshouxigong_2016-09-15,72.868
Aotizhongxin_2016-09-16,123.503
Changping_2016-09-16,110.488
Dingling_2016-09-16,98.176
Dongsi_2016-09-16,139.962
Guanyuan_2016-09-16,136.794
Gucheng_2016-09-16,151.649
Huairou_2016-09-16,91.766
Nongzhanguan_2016-09-16,134.241
Tiantan_2016-09-16,139.264
Wanliu_2016-09-16,116.81
Wanshouxigong_2016-09-16,140.187
Aotizhongxin_2016-09-17,37.207
Changping_2016-09-17,37.372
Dingling_2016-09-17,36.901
Dongsi_2016-09-17,45.825
Guanyuan_2016-09-17,46.484
Gucheng_2016-09-17,52.024
Huairou_2016-09-17,25.101
Nongzhanguan_2016-09-17,44.22
Shunyi_2016-09-17,39.227
Tiantan_2016-09-17,47.543
Wanliu_2016-09-17,42.121
Wanshouxigong_2016-09-17,51.026
Aotizhongxin_2016-09-18,16.513
Changping_2016-09-18,21.739
Dingling_2016-09-18,16.885
Dongsi_2016-09-18,24.192
Guanyuan_2016-09-18,22.866
Gucheng_2016-09-18,20.463
Nongzhanguan_2016-09-18,20.324
Shunyi_2016-09-18,17.29
Tiantan_2016-09-18,23.115
Wanliu_2016-09-18,22.053
Wanshouxigong_2016-09-18,24.984
Aotizhongxin_2016-09-19,13.705
Changping_2016-09-19,12.431
Dingling_2016-09-19,11.792
Dongsi_2016-09-19,16.399
Guanyuan_2016-09-19,14.455
Gucheng_2016-09-19,17.779
Nongzhanguan_2016-09-19,14.334
Shunyi_2016-09-19,14.459
Tiantan_2016-09-19,14.515
Wanliu_2016-09-19,15.724
Wanshouxigong_2016-09-19,15.302
Aotizhongxin_2016-09-20,21.064
Changping_2016-09-20,19.491
Dongsi_2016-09-20,25.604
Guanyuan_2016-09-20,24.499
Gucheng_2016-09-20,42.537
Huairou_2016-09-20,15.556
Nongzhanguan_2016-09-20,25.692
Shunyi_2016-09-20,20.539
Tiantan_2016-09-20,25.202
Wanliu_2016-09-20,26.851
Wanshouxigong_2016-09-20,27.114
Aotizhongxin_2016-09-21,71.398
Changping_2016-09-21,56.482
Dongsi_2016-09-21,77.694
Guanyuan_2016-09-21,90.006
Gucheng_2016-09-21,96.503
Huairou_2016-09-21,47.678
Nongzhanguan_2016-09-21,88.854
Shunyi_2016-09-21,61.161
Tiantan_2016-09-21,74.569
Wanliu_2016-09-21,74.633
Wanshouxigong_2016-09-21,78.334
Aotizhongxin_2016-09-22,85.954
Changping_2016-09-22,79.729
Dingling_2016-09-22,66.054
Dongsi_2016-09-22,94.62
Guanyuan_2016-09-22,106.718
Gucheng_2016-09-22,120.262
Huairou_2016-09-22,68.789
Nongzhanguan_2016-09-22,92.12
Shunyi_2016-09-22,76.212
Tiantan_2016-09-22,94.456
Wanliu_2016-09-22,81.08
Wanshouxigong_2016-09-22,97.291
Aotizhongxin_2016-09-23,120.842
Changping_2016-09-23,100.657
Dingling_2016-09-23,85.12
Dongsi_2016-09-23,124.329
Guanyuan_2016-09-23,125.157
Gucheng_2016-09-23,121.345
Huairou_2016-09-23,108.039
Nongzhanguan_2016-09-23,121.244
Shunyi_2016-09-23,117.251
Tiantan_2016-09-23,116.694
Wanliu_2016-09-23,108.655
Aotizhongxin_2016-09-24,109.551
Changping_2016-09-24,88.971
Dingling_2016-09-24,80.806
Dongsi_2016-09-24,119.147
Guanyuan_2016-09-24,131.63
Gucheng_2016-09-24,137.935
Huairou_2016-09-24,85.725
Nongzhanguan_2016-09-24,120.83
Shunyi_2016-09-24,95.044
Tiantan_2016-09-24,121.845
Wanliu_2016-09-24,112.33
Wanshouxigong_2016-09-24,114.937
Aotizhongxin_2016-09-25,140.614
Changping_2016-09-25,128.307
Dingling_2016-09-25,114.235
Dongsi_2016-09-25,152.047
Guanyuan_2016-09-25,158.419
Gucheng_2016-09-25,172.196
Huairou_2016-09-25,114.653
Nongzhanguan_2016-09-25,156.431
Tiantan_2016-09-25,151.95
Wanliu_2016-09-25,142.62
Wanshouxigong_2016-09-25,147.252
Aotizhongxin_2016-09-26,58.366
Changping_2016-09-26,55.52
Dingling_2016-09-26,47.517
Dongsi_2016-09-26,68.212
Guanyuan_2016-09-26,68.273
Gucheng_2016-09-26,71.614
Huairou_2016-09-26,42.178
Nongzhanguan_2016-09-26,61.721
Shunyi_2016-09-26,56.304
Tiantan_2016-09-26,63.868
Wanliu_2016-09-26,56.715
Wanshouxigong_2016-09-26,63.926
Aotizhongxin_2016-09-27,18.995
Changping_2016-09-27,19.779
Dingling_2016-09-27,12.788
Dongsi_2016-09-27,27.817
Guanyuan_2016-09-27,23.997
Gucheng_2016-09-27,20.048
Huairou_2016-09-27,11.04
Nongzhanguan_2016-09-27,21.228
Shunyi_2016-09-27,14.456
Tiantan_2016-09-27,25.145
Wanliu_2016-09-27,16.013
Wanshouxigong_2016-09-27,21.699
Aotizhongxin_2016-09-28,22.415
Changping_2016-09-28,12.472
Dingling_2016-09-28,10.309
Dongsi_2016-09-28,16.354
Guanyuan_2016-09-28,16.319
Gucheng_2016-09-28,18.311
Huairou_2016-09-28,7.625
Nongzhanguan_2016-09-28,13.155
Shunyi_2016-09-28,12.251
Tiantan_2016-09-28,14.127
Wanliu_2016-09-28,9.195
Wanshouxigong_2016-09-28,13.054
Aotizhongxin_2016-09-29,50.43
Changping_2016-09-29,39.568
Dingling_2016-09-29,30.683
Dongsi_2016-09-29,60.788
Guanyuan_2016-09-29,54.114
Huairou_2016-09-29,31.173
Nongzhanguan_2016-09-29,56.997
Shunyi_2016-09-29,35.509
Tiantan_2016-09-29,53.468
Wanliu_2016-09-29,41.551
Wanshouxigong_2016-09-29,47.743
Aotizhongxin_2016-09-30,93.278
Changping_2016-09-30,86.281
Dingling_2016-09-30,66.442
Dongsi_2016-09-30,116.817
Guanyuan_2016-09-30,109.153
Huairou_2016-09-30,61.969
Nongzhanguan_2016-09-30,103.06
Shunyi_2016-09-30,70.399
Tiantan_2016-09-30,95.711
Wanliu_2016-09-30,83.543
Wanshouxigong_2016-09-30,89.557
Aotizhongxin_2016-10-01,140.828
Changping_2016-10-01,145.562
Dingling_2016-10-01,139.799
Dongsi_2016-10-01,180.726
Guanyuan_2016-10-01,164.436
Gucheng_2016-10-01,164.777
Huairou_2016-10-01,143.872
Nongzhanguan_2016-10-01,160.878
Shunyi_2016-10-01,121.15
Tiantan_2016-10-01,143.508
Wanliu_2016-10-01,144.626
Wanshouxigong_2016-10-01,145.937
Aotizhongxin_2016-10-02,166.206
Changping_2016-10-02,141.638
Dingling_2016-10-02,142.951
Dongsi_2016-10-02,187.016
Guanyuan_2016-10-02,177.579
Gucheng_2016-10-02,182.32
Huairou_2016-10-02,153.971
Nongzhanguan_2016-10-02,175.849
Shunyi_2016-10-02,137.698
Tiantan_2016-10-02,161.864
Wanliu_2016-10-02,169.812
Wanshouxigong_2016-10-02,163.371
Aotizhongxin_2016-10-03,112.132
Changping_2016-10-03,113.939
Dingling_2016-10-03,92.576
Dongsi_2016-10-03,126.452
Guanyuan_2016-10-03,127.075
Gucheng_2016-10-03,143.537
Huairou_2016-10-03,90.454
Nongzhanguan_2016-10-03,110.329
Shunyi_2016-10-03,97.252
Tiantan_2016-10-03,114.769
Wanliu_2016-10-03,126.621
Wanshouxigong_2016-10-03,112.276
Aotizhongxin_2016-10-04,44.401
Changping_2016-10-04,43.808
Dingling_2016-10-04,44.12
Guanyuan_2016-10-04,51.685
Gucheng_2016-10-04,41.559
Huairou_2016-10-04,49.379
Nongzhanguan_2016-10-04,50.988
Shunyi_2016-10-04,48.768
Tiantan_2016-10-04,47.888
Wanliu_2016-10-04,44.146
Wanshouxigong_2016-10-04,38.996
Aotizhongxin_2016-10-05,58.552
Changping_2016-10-05,56.826
Dingling_2016-10-05,48.44
Guanyuan_2016-10-05,66.728
Gucheng_2016-10-05,66.21
Huairou_2016-10-05,49.82
Nongzhanguan_2016-10-05,64.785
Shunyi_2016-10-05,59.361
Tiantan_2016-10-05,60.593
Wanliu_2016-10-05,57.151
Wanshouxigong_2016-10-05,58.913
Aotizhongxin_2016-10-06,76.0
Changping_2016-10-06,75.782
Dingling_2016-10-06,74.419
Dongsi_2016-10-06,84.732
Guanyuan_2016-10-06,84.471
Gucheng_2016-10-06,83.864
Huairou_2016-10-06,63.959
Nongzhanguan_2016-10-06,80.287
Shunyi_2016-10-06,76.382
Tiantan_2016-10-06,78.365
Wanliu_2016-10-06,80.651
Wanshouxigong_2016-10-06,72.941
Aotizhongxin_2016-10-07,38.766
Changping_2016-10-07,33.53
Dingling_2016-10-07,29.161
Dongsi_2016-10-07,40.082
Guanyuan_2016-10-07,41.597
Gucheng_2016-10-07,38.262
Huairou_2016-10-07,24.702
Nongzhanguan_2016-10-07,39.836
Shunyi_2016-10-07,51.371
Tiantan_2016-10-07,41.483
Wanliu_2016-10-07,34.591
Wanshouxigong_2016-10-07,37.929
Aotizhongxin_2016-10-08,11.015
Changping_2016-10-08,17.084
Dongsi_2016-10-08,12.391
Guanyuan_2016-10-08,12.12
Gucheng_2016-10-08,13.312
Huairou_2016-10-08,8.137
Nongzhanguan_2016-10-08,14.887
Shunyi_2016-10-08,12.105
Tiantan_2016-10-08,12.857
Wanliu_2016-10-08,12.357
Wanshouxigong_2016-10-08,11.642
Aotizhongxin_2016-10-09,39.802
Changping_2016-10-09,46.212
Dongsi_2016-10-09,49.747
Guanyuan_2016-10-09,40.25
Gucheng_2016-10-09,41.574
Huairou_2016-10-09,31.388
Nongzhanguan_2016-10-09,47.485
Tiantan_2016-10-09,47.749
Wanliu_2016-10-09,37.377
Wanshouxigong_2016-10-09,43.738
Aotizhongxin_2016-10-10,102.126
Changping_2016-10-10,76.744
Dongsi_2016-10-10,124.771
Guanyuan_2016-10-10,120.273
Gucheng_2016-10-10,109.034
Huairou_2016-10-10,79.161
Nongzhanguan_2016-10-10,117.66
Shunyi_2016-10-10,89.303
Tiantan_2016-10-10,104.81
Wanliu_2016-10-10,98.367
Wanshouxigong_2016-10-10,109.638
Aotizhongxin_2016-10-11,109.598
Changping_2016-10-11,84.446
Dongsi_2016-10-11,130.793
Guanyuan_2016-10-11,127.888
Gucheng_2016-10-11,116.206
Huairou_2016-10-11,105.966
Nongzhanguan_2016-10-11,122.294
Shunyi_2016-10-11,111.457
Tiantan_2016-10-11,117.476
Wanliu_2016-10-11,101.787
Wanshouxigong_2016-10-11,116.378
Aotizhongxin_2016-10-12,75.875
Changping_2016-10-12,81.796
Dongsi_2016-10-12,89.974
Guanyuan_2016-10-12,88.484
Gucheng_2016-10-12,94.809
Huairou_2016-10-12,79.153
Nongzhanguan_2016-10-12,85.77
Shunyi_2016-10-12,78.582
Tiantan_2016-10-12,83.052
Wanliu_2016-10-12,81.663
Wanshouxigong_2016-10-12,80.328
Aotizhongxin_2016-10-13,146.46
Changping_2016-10-13,112.129
Dongsi_2016-10-13,166.135
Guanyuan_2016-10-13,158.179
Gucheng_2016-10-13,145.465
Huairou_2016-10-13,123.528
Nongzhanguan_2016-10-13,153.271
Shunyi_2016-10-13,132.516
Tiantan_2016-10-13,139.885
Wanliu_2016-10-13,135.832
Wanshouxigong_2016-10-13,142.789
Aotizhongxin_2016-10-14,230.693
Changping_2016-10-14,231.811
Dingling_2016-10-14,211.624
Dongsi_2016-10-14,262.526
Guanyuan_2016-10-14,244.664
Gucheng_2016-10-14,249.121
Huairou_2016-10-14,229.552
Nongzhanguan_2016-10-14,217.468
Shunyi_2016-10-14,235.137
Tiantan_2016-10-14,198.497
Wanliu_2016-10-14,228.275
Wanshouxigong_2016-10-14,213.557
Aotizhongxin_2016-10-15,181.932
Changping_2016-10-15,187.063
Dingling_2016-10-15,190.015
Dongsi_2016-10-15,206.431
Guanyuan_2016-10-15,205.972
Gucheng_2016-10-15,211.737
Huairou_2016-10-15,158.24
Nongzhanguan_2016-10-15,183.784
Shunyi_2016-10-15,140.412
Tiantan_2016-10-15,171.676
Wanliu_2016-10-15,182.563
Wanshouxigong_2016-10-15,176.637
Aotizhongxin_2016-10-16,105.094
Changping_2016-10-16,117.481
Dingling_2016-10-16,120.363
Dongsi_2016-10-16,112.839
Guanyuan_2016-10-16,94.878
Gucheng_2016-10-16,111.484
Huairou_2016-10-16,98.3
Nongzhanguan_2016-10-16,104.916
Shunyi_2016-10-16,105.535
Tiantan_2016-10-16,106.784
Wanliu_2016-10-16,102.332
Wanshouxigong_2016-10-16,107.757
Aotizhongxin_2016-10-17,59.941
Changping_2016-10-17,48.327
Dingling_2016-10-17,29.816
Dongsi_2016-10-17,73.569
Guanyuan_2016-10-17,64.462
Gucheng_2016-10-17,63.982
Huairou_2016-10-17,35.673
Nongzhanguan_2016-10-17,67.353
Shunyi_2016-10-17,46.947
Tiantan_2016-10-17,67.93
Wanliu_2016-10-17,56.365
Wanshouxigong_2016-10-17,62.229
Aotizhongxin_2016-10-18,129.802
Changping_2016-10-18,124.218
Dingling_2016-10-18,112.25
Dongsi_2016-10-18,144.826
Guanyuan_2016-10-18,150.368
Gucheng_2016-10-18,136.658
Huairou_2016-10-18,104.255
Nongzhanguan_2016-10-18,133.486
Shunyi_2016-10-18,109.085
Tiantan_2016-10-18,138.155
Wanliu_2016-10-18,137.708
Wanshouxigong_2016-10-18,135.183
Aotizhongxin_2016-10-19,203.778
Changping_2016-10-19,189.553
Dingling_2016-10-19,182.364
Dongsi_2016-10-19,227.663
Guanyuan_2016-10-19,205.271
Gucheng_2016-10-19,229.179
Huairou_2016-10-19,212.844
Nongzhanguan_2016-10-19,204.44
Shunyi_2016-10-19,200.032
Tiantan_2016-10-19,198.383
Wanliu_2016-10-19,200.092
Wanshouxigong_2016-10-19,203.691
Aotizhongxin_2016-10-20,88.204
Changping_2016-10-20,90.742
Dingling_2016-10-20,95.552
Dongsi_2016-10-20,98.885
Guanyuan_2016-10-20,103.623
Gucheng_2016-10-20,103.664
Huairou_2016-10-20,85.751
Nongzhanguan_2016-10-20,94.072
Shunyi_2016-10-20,85.469
Tiantan_2016-10-20,90.706
Wanliu_2016-10-20,88.965
Wanshouxigong_2016-10-20,91.6
Aotizhongxin_2016-10-21,41.34
Changping_2016-10-21,39.883
Dingling_2016-10-21,29.334
Dongsi_2016-10-21,44.778
Guanyuan_2016-10-21,46.41
Gucheng_2016-10-21,43.374
Huairou_2016-10-21,26.928
Nongzhanguan_2016-10-21,43.601
Shunyi_2016-10-21,34.53
Tiantan_2016-10-21,46.54
Wanliu_2016-10-21,40.366
Wanshouxigong_2016-10-21,46.78
Aotizhongxin_2016-10-22,15.856
Changping_2016-10-22,18.424
Dingling_2016-10-22,14.737
Dongsi_2016-10-22,18.77
Guanyuan_2016-10-22,19.063
Gucheng_2016-10-22,17.166
Huairou_2016-10-22,10.808
Nongzhanguan_2016-10-22,19.257
Shunyi_2016-10-22,11.78
Tiantan_2016-10-22,19.231
Wanliu_2016-10-22,17.268
Wanshouxigong_2016-10-22,18.036
Aotizhongxin_2016-10-23,27.734
Changping_2016-10-23,30.246
Dingling_2016-10-23,22.603
Dongsi_2016-10-23,34.602
Guanyuan_2016-10-23,31.376
Gucheng_2016-10-23,33.347
Huairou_2016-10-23,19.748
Nongzhanguan_2016-10-23,33.3
Shunyi_2016-10-23,24.317
Tiantan_2016-10-23,32.433
Wanliu_2016-10-23,29.86
Wanshouxigong_2016-10-23,33.6
Aotizhongxin_2016-10-24,92.018
Changping_2016-10-24,73.904
Dingling_2016-10-24,60.744
Dongsi_2016-10-24,105.066
Guanyuan_2016-10-24,101.405
Gucheng_2016-10-24,87.247
Huairou_2016-10-24,57.024
Nongzhanguan_2016-10-24,99.124
Shunyi_2016-10-24,81.38
Tiantan_2016-10-24,91.25
Wanliu_2016-10-24,86.017
Wanshouxigong_2016-10-24,95.538
Aotizhongxin_2016-10-25,105.579
Changping_2016-10-25,95.516
Dingling_2016-10-25,93.121
Dongsi_2016-10-25,137.13
Guanyuan_2016-10-25,130.777
Gucheng_2016-10-25,113.289
Huairou_2016-10-25,98.827
Nongzhanguan_2016-10-25,131.776
Shunyi_2016-10-25,101.847
Tiantan_2016-10-25,114.161
Wanliu_2016-10-25,104.039
Wanshouxigong_2016-10-25,121.233
Aotizhongxin_2016-10-26,53.599
Changping_2016-10-26,51.34
Dingling_2016-10-26,38.913
Dongsi_2016-10-26,60.225
Guanyuan_2016-10-26,58.174
Gucheng_2016-10-26,63.457
Huairou_2016-10-26,35.856
Nongzhanguan_2016-10-26,57.862
Tiantan_2016-10-26,56.08
Wanliu_2016-10-26,54.073
Wanshouxigong_2016-10-26,62.637
Aotizhongxin_2016-10-27,48.88
Changping_2016-10-27,34.19
Dingling_2016-10-27,40.5
Guanyuan_2016-10-27,53.423
Gucheng_2016-10-27,52.109
Huairou_2016-10-27,36.925
Nongzhanguan_2016-10-27,54.533
Tiantan_2016-10-27,53.483
Wanliu_2016-10-27,50.561
Wanshouxigong_2016-10-27,51.911
Aotizhongxin_2016-10-28,11.652
Changping_2016-10-28,10.866
Dingling_2016-10-28,10.643
Guanyuan_2016-10-28,13.01
Gucheng_2016-10-28,18.141
Huairou_2016-10-28,9.749
Nongzhanguan_2016-10-28,12.465
Shunyi_2016-10-28,14.052
Tiantan_2016-10-28,14.093
Wanliu_2016-10-28,13.583
Wanshouxigong_2016-10-28,13.209
Aotizhongxin_2016-10-29,26.189
Changping_2016-10-29,22.092
Dingling_2016-10-29,24.159
Dongsi_2016-10-29,35.324
Guanyuan_2016-10-29,31.249
Gucheng_2016-10-29,48.685
Huairou_2016-10-29,29.173
Nongzhanguan_2016-10-29,35.645
Shunyi_2016-10-29,37.808
Tiantan_2016-10-29,36.56
Wanliu_2016-10-29,37.857
Wanshouxigong_2016-10-29,31.286
Aotizhongxin_2016-10-30,52.557
Changping_2016-10-30,33.568
Dingling_2016-10-30,32.515
Dongsi_2016-10-30,66.318
Guanyuan_2016-10-30,56.077
Gucheng_2016-10-30,62.242
Huairou_2016-10-30,31.364
Nongzhanguan_2016-10-30,59.236
Shunyi_2016-10-30,50.354
Tiantan_2016-10-30,60.49
Wanliu_2016-10-30,53.547
Wanshouxigong_2016-10-30,55.237
Aotizhongxin_2016-10-31,8.422
Changping_2016-10-31,10.557
Dingling_2016-10-31,6.344
Dongsi_2016-10-31,8.953
Guanyuan_2016-10-31,8.705
Gucheng_2016-10-31,6.923
Huairou_2016-10-31,7.734
Nongzhanguan_2016-10-31,8.385
Shunyi_2016-10-31,11.585
Tiantan_2016-10-31,9.662
Wanliu_2016-10-31,9.423
Wanshouxigong_2016-10-31,8.138
Aotizhongxin_2016-11-01,37.418
Changping_2016-11-01,42.4
Dingling_2016-11-01,31.017
Dongsi_2016-11-01,44.49
Guanyuan_2016-11-01,44.026
Gucheng_2016-11-01,58.946
Huairou_2016-11-01,38.348
Nongzhanguan_2016-11-01,45.721
Shunyi_2016-11-01,53.762
Tiantan_2016-11-01,33.351
Wanliu_2016-11-01,49.743
Wanshouxigong_2016-11-01,52.588
Aotizhongxin_2016-11-02,113.061
Changping_2016-11-02,82.723
Dingling_2016-11-02,56.93
Dongsi_2016-11-02,131.335
Guanyuan_2016-11-02,129.144
Gucheng_2016-11-02,122.42
Huairou_2016-11-02,100.027
Nongzhanguan_2016-11-02,130.25
Shunyi_2016-11-02,116.716
Tiantan_2016-11-02,119.857
Wanliu_2016-11-02,118.92
Wanshouxigong_2016-11-02,127.644
Aotizhongxin_2016-11-03,202.759
Changping_2016-11-03,146.372
Dingling_2016-11-03,121.775
Dongsi_2016-11-03,214.573
Guanyuan_2016-11-03,221.292
Gucheng_2016-11-03,191.21
Huairou_2016-11-03,207.631
Nongzhanguan_2016-11-03,221.859
Shunyi_2016-11-03,212.297
Tiantan_2016-11-03,196.916
Wanliu_2016-11-03,191.12
Wanshouxigong_2016-11-03,206.948
Aotizhongxin_2016-11-04,236.836
Changping_2016-11-04,227.211
Dingling_2016-11-04,231.859
Dongsi_2016-11-04,262.419
Guanyuan_2016-11-04,284.789
Gucheng_2016-11-04,252.336
Huairou_2016-11-04,235.454
Nongzhanguan_2016-11-04,261.815
Shunyi_2016-11-04,183.531
Tiantan_2016-11-04,223.454
Wanliu_2016-11-04,255.33
Wanshouxigong_2016-11-04,244.584
Aotizhongxin_2016-11-05,166.617
Changping_2016-11-05,169.049
Dingling_2016-11-05,158.611
Dongsi_2016-11-05,181.486
Guanyuan_2016-11-05,193.127
Gucheng_2016-11-05,173.99
Huairou_2016-11-05,166.817
Nongzhanguan_2016-11-05,177.981
Shunyi_2016-11-05,162.716
Tiantan_2016-11-05,181.445
Wanliu_2016-11-05,171.994
Wanshouxigong_2016-11-05,177.455
Aotizhongxin_2016-11-06,60.463
Changping_2016-11-06,59.051
Dingling_2016-11-06,59.475
Dongsi_2016-11-06,64.795
Guanyuan_2016-11-06,60.938
Gucheng_2016-11-06,69.059
Huairou_2016-11-06,62.324
Nongzhanguan_2016-11-06,60.75
Shunyi_2016-11-06,59.952
Tiantan_2016-11-06,63.726
Wanliu_2016-11-06,58.152
Wanshouxigong_2016-11-06,62.273
Aotizhongxin_2016-11-07,35.837
Changping_2016-11-07,26.693
Dingling_2016-11-07,19.662
Dongsi_2016-11-07,33.998
Guanyuan_2016-11-07,32.957
Gucheng_2016-11-07,33.13
Huairou_2016-11-07,32.066
Nongzhanguan_2016-11-07,33.87
Shunyi_2016-11-07,30.526
Tiantan_2016-11-07,37.605
Wanliu_2016-11-07,30.857
Wanshouxigong_2016-11-07,33.001
Aotizhongxin_2016-11-08,46.336
Changping_2016-11-08,37.65
Dingling_2016-11-08,29.82
Dongsi_2016-11-08,48.219
Guanyuan_2016-11-08,43.596
Gucheng_2016-11-08,52.619
Huairou_2016-11-08,30.963
Nongzhanguan_2016-11-08,37.889
Shunyi_2016-11-08,40.455
Tiantan_2016-11-08,38.622
Wanliu_2016-11-08,47.286
Wanshouxigong_2016-11-08,45.355
Aotizhongxin_2016-11-09,162.433
Changping_2016-11-09,150.687
Dingling_2016-11-09,121.125
Dongsi_2016-11-09,174.603
Guanyuan_2016-11-09,187.972
Gucheng_2016-11-09,168.372
Huairou_2016-11-09,133.97
Nongzhanguan_2016-11-09,181.687
Shunyi_2016-11-09,152.253
Tiantan_2016-11-09,165.419
Wanliu_2016-11-09,173.039
Wanshouxigong_2016-11-09,173.358
Aotizhongxin_2016-11-10,126.672
Changping_2016-11-10,132.244
Dingling_2016-11-10,127.12
Dongsi_2016-11-10,128.995
Guanyuan_2016-11-10,137.707
Gucheng_2016-11-10,153.388
Huairou_2016-11-10,140.657
Nongzhanguan_2016-11-10,124.396
Shunyi_2016-11-10,129.059
Tiantan_2016-11-10,132.732
Wanliu_2016-11-10,148.408
Wanshouxigong_2016-11-10,132.589
Aotizhongxin_2016-11-11,78.682
Changping_2016-11-11,74.785
Dingling_2016-11-11,60.91
Dongsi_2016-11-11,96.645
Guanyuan_2016-11-11,116.168
Gucheng_2016-11-11,93.421
Huairou_2016-11-11,68.884
Nongzhanguan_2016-11-11,90.548
Shunyi_2016-11-11,89.924
Tiantan_2016-11-11,94.18
Wanliu_2016-11-11,90.892
Wanshouxigong_2016-11-11,101.344
Aotizhongxin_2016-11-12,98.366
Changping_2016-11-12,110.785
Dingling_2016-11-12,87.405
Dongsi_2016-11-12,108.242
Guanyuan_2016-11-12,116.35
Gucheng_2016-11-12,117.72
Huairou_2016-11-12,91.312
Nongzhanguan_2016-11-12,102.545
Shunyi_2016-11-12,84.564
Tiantan_2016-11-12,98.247
Wanliu_2016-11-12,102.275
Wanshouxigong_2016-11-12,110.726
Aotizhongxin_2016-11-13,129.56
Changping_2016-11-13,110.065
Dingling_2016-11-13,106.612
Dongsi_2016-11-13,138.067
Guanyuan_2016-11-13,142.187
Gucheng_2016-11-13,133.686
Huairou_2016-11-13,117.759
Nongzhanguan_2016-11-13,146.51
Shunyi_2016-11-13,129.782
Tiantan_2016-11-13,139.059
Wanliu_2016-11-13,125.414
Wanshouxigong_2016-11-13,136.879
Aotizhongxin_2016-11-14,45.898
Changping_2016-11-14,47.159
Dingling_2016-11-14,30.274
Dongsi_2016-11-14,57.078
Guanyuan_2016-11-14,58.553
Gucheng_2016-11-14,35.037
Huairou_2016-11-14,29.143
Nongzhanguan_2016-11-14,59.5
Shunyi_2016-11-14,46.328
Tiantan_2016-11-14,57.721
Wanliu_2016-11-14,49.043
Wanshouxigong_2016-11-14,50.11
Aotizhongxin_2016-11-15,41.571
Changping_2016-11-15,51.259
Dingling_2016-11-15,38.871
Dongsi_2016-11-15,55.552
Guanyuan_2016-11-15,53.621
Gucheng_2016-11-15,64.59
Huairou_2016-11-15,33.755
Nongzhanguan_2016-11-15,62.805
Shunyi_2016-11-15,50.308
Tiantan_2016-11-15,50.901
Wanliu_2016-11-15,58.534
Wanshouxigong_2016-11-15,53.08
Aotizhongxin_2016-11-16,111.548
Changping_2016-11-16,103.324
Dingling_2016-11-16,102.871
Dongsi_2016-11-16,131.322
Guanyuan_2016-11-16,135.21
Gucheng_2016-11-16,138.826
Huairou_2016-11-16,95.125
Nongzhanguan_2016-11-16,140.476
Shunyi_2016-11-16,111.289
Tiantan_2016-11-16,120.324
Wanliu_2016-11-16,119.809
Wanshouxigong_2016-11-16,133.263
Aotizhongxin_2016-11-17,125.938
Changping_2016-11-17,121.442
Dingling_2016-11-17,118.987
Dongsi_2016-11-17,131.447
Guanyuan_2016-11-17,133.094
Gucheng_2016-11-17,121.923
Huairou_2016-11-17,138.131
Nongzhanguan_2016-11-17,145.548
Shunyi_2016-11-17,160.075
Tiantan_2016-11-17,129.175
Wanliu_2016-11-17,107.265
Wanshouxigong_2016-11-17,132.265
Aotizhongxin_2016-11-18,230.09
Changping_2016-11-18,227.201
Dingling_2016-11-18,218.187
Dongsi_2016-11-18,231.829
Guanyuan_2016-11-18,247.138
Gucheng_2016-11-18,224.134
Huairou_2016-11-18,252.275
Nongzhanguan_2016-11-18,259.358
Shunyi_2016-11-18,238.402
Tiantan_2016-11-18,219.787
Wanliu_2016-11-18,233.55
Wanshouxigong_2016-11-18,233.982
Aotizhongxin_2016-11-19,124.97
Changping_2016-11-19,103.272
Dingling_2016-11-19,77.83
Dongsi_2016-11-19,131.806
Guanyuan_2016-11-19,134.999
Gucheng_2016-11-19,134.347
Huairou_2016-11-19,101.302
Nongzhanguan_2016-11-19,126.582
Shunyi_2016-11-19,103.529
Tiantan_2016-11-19,130.232
Wanliu_2016-11-19,135.923
Wanshouxigong_2016-11-19,135.768
Aotizhongxin_2016-11-20,54.107
Changping_2016-11-20,51.864
Dingling_2016-11-20,56.827
Dongsi_2016-11-20,63.28
Guanyuan_2016-11-20,58.247
Gucheng_2016-11-20,60.211
Huairou_2016-11-20,40.811
Nongzhanguan_2016-11-20,58.018
Shunyi_2016-11-20,46.866
Tiantan_2016-11-20,64.364
Wanliu_2016-11-20,54.751
Wanshouxigong_2016-11-20,61.17
Aotizhongxin_2016-11-21,13.131
Changping_2016-11-21,12.132
Dingling_2016-11-21,12.238
Dongsi_2016-11-21,14.479
Guanyuan_2016-11-21,13.725
Gucheng_2016-11-21,12.308
Huairou_2016-11-21,8.934
Nongzhanguan_2016-11-21,13.648
Shunyi_2016-11-21,10.432
Tiantan_2016-11-21,14.099
Wanliu_2016-11-21,10.96
Wanshouxigong_2016-11-21,13.732
Aotizhongxin_2016-11-22,8.151
Changping_2016-11-22,12.941
Dingling_2016-11-22,8.035
Dongsi_2016-11-22,9.123
Guanyuan_2016-11-22,8.021
Gucheng_2016-11-22,10.538
Huairou_2016-11-22,8.886
Nongzhanguan_2016-11-22,8.604
Shunyi_2016-11-22,7.727
Tiantan_2016-11-22,10.031
Wanliu_2016-11-22,10.886
Wanshouxigong_2016-11-22,8.299
Aotizhongxin_2016-11-23,15.052
Changping_2016-11-23,21.38
Dingling_2016-11-23,10.882
Dongsi_2016-11-23,21.028
Guanyuan_2016-11-23,14.621
Gucheng_2016-11-23,29.414
Huairou_2016-11-23,12.048
Nongzhanguan_2016-11-23,14.13
Shunyi_2016-11-23,12.827
Tiantan_2016-11-23,25.268
Wanliu_2016-11-23,18.347
Wanshouxigong_2016-11-23,18.656
Aotizhongxin_2016-11-24,65.626
Changping_2016-11-24,56.406
Dingling_2016-11-24,53.465
Dongsi_2016-11-24,85.448
Guanyuan_2016-11-24,71.172
Gucheng_2016-11-24,76.695
Huairou_2016-11-24,57.498
Nongzhanguan_2016-11-24,73.24
Shunyi_2016-11-24,62.569
Tiantan_2016-11-24,75.579
Wanliu_2016-11-24,71.112
Wanshouxigong_2016-11-24,75.619
Aotizhongxin_2016-11-25,159.522
Changping_2016-11-25,133.993
Dingling_2016-11-25,116.625
Dongsi_2016-11-25,195.657
Guanyuan_2016-11-25,175.379
Gucheng_2016-11-25,187.989
Huairou_2016-11-25,108.844
Nongzhanguan_2016-11-25,180.528
Shunyi_2016-11-25,146.966
Tiantan_2016-11-25,182.989
Wanliu_2016-11-25,173.485
Wanshouxigong_2016-11-25,167.244
Aotizhongxin_2016-11-26,277.748
Changping_2016-11-26,228.35
Dingling_2016-11-26,209.216
Dongsi_2016-11-26,283.043
Guanyuan_2016-11-26,333.946
Gucheng_2016-11-26,292.384
Huairou_2016-11-26,243.172
Nongzhanguan_2016-11-26,338.71
Shunyi_2016-11-26,265.21
Tiantan_2016-11-26,331.056
Wanliu_2016-11-26,282.595
Wanshouxigong_2016-11-26,320.128
Aotizhongxin_2016-11-27,57.064
Changping_2016-11-27,52.112
Dingling_2016-11-27,30.208
Dongsi_2016-11-27,53.735
Guanyuan_2016-11-27,36.972
Gucheng_2016-11-27,43.908
Huairou_2016-11-27,41.928
Nongzhanguan_2016-11-27,88.409
Shunyi_2016-11-27,75.467
Tiantan_2016-11-27,59.569
Wanliu_2016-11-27,53.033
Wanshouxigong_2016-11-27,56.765
Aotizhongxin_2016-11-28,71.907
Changping_2016-11-28,63.915
Dingling_2016-11-28,57.138
Dongsi_2016-11-28,79.761
Guanyuan_2016-11-28,70.598
Gucheng_2016-11-28,94.516
Huairou_2016-11-28,43.777
Nongzhanguan_2016-11-28,82.74
Shunyi_2016-11-28,54.046
Tiantan_2016-11-28,77.793
Wanliu_2016-11-28,80.189
Wanshouxigong_2016-11-28,80.987
Aotizhongxin_2016-11-29,125.715
Changping_2016-11-29,114.789
Dingling_2016-11-29,108.463
Dongsi_2016-11-29,138.193
Guanyuan_2016-11-29,134.263
Gucheng_2016-11-29,145.404
Huairou_2016-11-29,92.511
Nongzhanguan_2016-11-29,119.86
Shunyi_2016-11-29,98.981
Tiantan_2016-11-29,133.079
Wanliu_2016-11-29,137.474
Wanshouxigong_2016-11-29,130.269
Aotizhongxin_2016-11-30,104.958
Changping_2016-11-30,99.349
Dingling_2016-11-30,70.711
Dongsi_2016-11-30,127.191
Guanyuan_2016-11-30,117.903
Gucheng_2016-11-30,125.978
Huairou_2016-11-30,89.045
Nongzhanguan_2016-11-30,105.078
Shunyi_2016-11-30,103.248
Tiantan_2016-11-30,120.863
Wanliu_2016-11-30,103.509
Wanshouxigong_2016-11-30,117.72
Aotizhongxin_2016-12-01,24.807
Changping_2016-12-01,23.853
Dingling_2016-12-01,17.466
Dongsi_2016-12-01,33.214
Guanyuan_2016-12-01,34.618
Gucheng_2016-12-01,44.379
Huairou_2016-12-01,19.128
Nongzhanguan_2016-12-01,26.835
Shunyi_2016-12-01,22.929
Tiantan_2016-12-01,36.958
Wanliu_2016-12-01,35.058
Wanshouxigong_2016-12-01,32.558
Aotizhongxin_2016-12-02,81.487
Changping_2016-12-02,80.384
Dingling_2016-12-02,70.364
Dongsi_2016-12-02,119.56
Guanyuan_2016-12-02,103.058
Gucheng_2016-12-02,109.082
Huairou_2016-12-02,55.063
Nongzhanguan_2016-12-02,101.991
Shunyi_2016-12-02,73.489
Tiantan_2016-12-02,119.262
Wanliu_2016-12-02,98.94
Wanshouxigong_2016-12-02,109.016
Aotizhongxin_2016-12-03,193.066
Changping_2016-12-03,142.808
Dingling_2016-12-03,120.151
Dongsi_2016-12-03,240.748
Guanyuan_2016-12-03,192.328
Gucheng_2016-12-03,182.893
Huairou_2016-12-03,154.558
Nongzhanguan_2016-12-03,245.35
Shunyi_2016-12-03,201.952
Tiantan_2016-12-03,235.224
Wanliu_2016-12-03,157.003
Wanshouxigong_2016-12-03,210.765
Aotizhongxin_2016-12-04,265.512
Changping_2016-12-04,148.242
Dingling_2016-12-04,107.247
Dongsi_2016-12-04,295.906
Guanyuan_2016-12-04,277.822
Gucheng_2016-12-04,225.999
Huairou_2016-12-04,174.302
Nongzhanguan_2016-12-04,276.556
Shunyi_2016-12-04,240.092
Tiantan_2016-12-04,278.123
Wanliu_2016-12-04,234.655
Wanshouxigong_2016-12-04,279.263
Aotizhongxin_2016-12-05,38.31
Changping_2016-12-05,52.533
Dingling_2016-12-05,39.634
Dongsi_2016-12-05,46.83
Guanyuan_2016-12-05,48.136
Gucheng_2016-12-05,60.199
Huairou_2016-12-05,39.477
Nongzhanguan_2016-12-05,43.205
Shunyi_2016-12-05,67.358
Tiantan_2016-12-05,44.89
Wanliu_2016-12-05,45.902
Wanshouxigong_2016-12-05,44.114
Aotizhongxin_2016-12-06,94.542
Changping_2016-12-06,66.043
Dingling_2016-12-06,53.607
Dongsi_2016-12-06,118.506
Guanyuan_2016-12-06,98.838
Gucheng_2016-12-06,91.066
Huairou_2016-12-06,59.051
Nongzhanguan_2016-12-06,105.935
Shunyi_2016-12-06,86.672
Tiantan_2016-12-06,96.02
Wanliu_2016-12-06,90.656
Wanshouxigong_2016-12-06,96.059
Aotizhongxin_2016-12-07,137.155
Changping_2016-12-07,97.452
Dingling_2016-12-07,71.109
Dongsi_2016-12-07,157.521
Guanyuan_2016-12-07,140.348
Gucheng_2016-12-07,129.872
Huairou_2016-12-07,117.856
Nongzhanguan_2016-12-07,140.265
Shunyi_2016-12-07,119.594
Tiantan_2016-12-07,152.696
Wanliu_2016-12-07,134.701
Wanshouxigong_2016-12-07,146.536
Aotizhongxin_2016-12-08,95.473
Changping_2016-12-08,94.535
Dingling_2016-12-08,71.031
Dongsi_2016-12-08,110.446
Guanyuan_2016-12-08,105.448
Gucheng_2016-12-08,107.194
Huairou_2016-12-08,75.376
Nongzhanguan_2016-12-08,97.871
Shunyi_2016-12-08,82.949
Tiantan_2016-12-08,109.71
Wanliu_2016-12-08,95.821
Wanshouxigong_2016-12-08,102.153
Aotizhongxin_2016-12-09,22.518
Changping_2016-12-09,22.797
Dingling_2016-12-09,16.684
Dongsi_2016-12-09,25.139
Guanyuan_2016-12-09,24.967
Gucheng_2016-12-09,33.001
Huairou_2016-12-09,17.515
Nongzhanguan_2016-12-09,22.899
Shunyi_2016-12-09,26.588
Tiantan_2016-12-09,23.683
Wanliu_2016-12-09,30.658
Wanshouxigong_2016-12-09,25.44
Aotizhongxin_2016-12-10,48.47
Changping_2016-12-10,58.537
Dingling_2016-12-10,54.302
Dongsi_2016-12-10,60.471
Guanyuan_2016-12-10,54.132
Gucheng_2016-12-10,66.134
Huairou_2016-12-10,28.508
Nongzhanguan_2016-12-10,54.892
Shunyi_2016-12-10,42.884
Tiantan_2016-12-10,55.893
Wanliu_2016-12-10,64.932
Wanshouxigong_2016-12-10,60.116
Aotizhongxin_2016-12-11,177.246
Changping_2016-12-11,141.907
Dingling_2016-12-11,116.11
Dongsi_2016-12-11,208.447
Guanyuan_2016-12-11,180.085
Gucheng_2016-12-11,171.328
Huairou_2016-12-11,111.433
Nongzhanguan_2016-12-11,209.593
Shunyi_2016-12-11,153.377
Tiantan_2016-12-11,189.898
Wanliu_2016-12-11,157.599
Wanshouxigong_2016-12-11,176.127
Aotizhongxin_2016-12-12,186.087
Changping_2016-12-12,207.625
Dingling_2016-12-12,198.349
Dongsi_2016-12-12,214.329
Guanyuan_2016-12-12,191.922
Gucheng_2016-12-12,223.9
Huairou_2016-12-12,188.134
Nongzhanguan_2016-12-12,194.751
Shunyi_2016-12-12,195.08
Tiantan_2016-12-12,207.489
Wanliu_2016-12-12,196.159
Wanshouxigong_2016-12-12,191.447
Aotizhongxin_2016-12-13,42.101
Changping_2016-12-13,58.608
Dingling_2016-12-13,36.723
Dongsi_2016-12-13,38.139
Guanyuan_2016-12-13,39.184
Gucheng_2016-12-13,69.252
Huairou_2016-12-13,26.099
Nongzhanguan_2016-12-13,39.465
Shunyi_2016-12-13,32.165
Tiantan_2016-12-13,45.213
Wanliu_2016-12-13,58.397
Wanshouxigong_2016-12-13,45.247
Aotizhongxin_2016-12-14,23.35
Changping_2016-12-14,23.52
Dingling_2016-12-14,17.252
Dongsi_2016-12-14,26.878
Guanyuan_2016-12-14,22.904
Gucheng_2016-12-14,36.288
Huairou_2016-12-14,20.917
Nongzhanguan_2016-12-14,24.407
Shunyi_2016-12-14,23.314
Tiantan_2016-12-14,27.587
Wanliu_2016-12-14,31.03
Wanshouxigong_2016-12-14,27.251
Aotizhongxin_2016-12-15,37.75
Changping_2016-12-15,23.508
Dingling_2016-12-15,14.134
Dongsi_2016-12-15,40.21
Guanyuan_2016-12-15,32.806
Gucheng_2016-12-15,43.638
Huairou_2016-12-15,24.046
Nongzhanguan_2016-12-15,37.374
Shunyi_2016-12-15,32.442
Tiantan_2016-12-15,37.811
Wanliu_2016-12-15,39.08
Wanshouxigong_2016-12-15,38.284
Aotizhongxin_2016-12-16,96.782
Changping_2016-12-16,75.308
Dingling_2016-12-16,64.301
Dongsi_2016-12-16,142.389
Guanyuan_2016-12-16,139.773
Gucheng_2016-12-16,139.847
Huairou_2016-12-16,58.973
Nongzhanguan_2016-12-16,132.204
Shunyi_2016-12-16,68.199
Tiantan_2016-12-16,159.025
Wanliu_2016-12-16,107.691
Wanshouxigong_2016-12-16,155.706
Aotizhongxin_2016-12-17,184.943
Changping_2016-12-17,120.21
Dingling_2016-12-17,110.485
Dongsi_2016-12-17,229.841
Guanyuan_2016-12-17,201.036
Gucheng_2016-12-17,163.692
Huairou_2016-12-17,108.42
Nongzhanguan_2016-12-17,214.416
Shunyi_2016-12-17,162.967
Tiantan_2016-12-17,213.331
Wanliu_2016-12-17,166.02
Wanshouxigong_2016-12-17,185.7
Aotizhongxin_2016-12-18,192.322
Changping_2016-12-18,180.279
Dingling_2016-12-18,162.002
Dongsi_2016-12-18,240.619
Guanyuan_2016-12-18,206.92
Gucheng_2016-12-18,186.815
Huairou_2016-12-18,147.645
Nongzhanguan_2016-12-18,219.04
Shunyi_2016-12-18,165.065
Tiantan_2016-12-18,219.669
Wanliu_2016-12-18,187.524
Wanshouxigong_2016-12-18,220.891
Aotizhongxin_2016-12-19,193.266
Changping_2016-12-19,152.618
Dingling_2016-12-19,156.713
Dongsi_2016-12-19,238.329
Guanyuan_2016-12-19,232.134
Gucheng_2016-12-19,175.526
Huairou_2016-12-19,128.436
Nongzhanguan_2016-12-19,199.141
Shunyi_2016-12-19,166.122
Tiantan_2016-12-19,219.03
Wanliu_2016-12-19,195.514
Wanshouxigong_2016-12-19,236.419
Aotizhongxin_2016-12-20,351.813
Changping_2016-12-20,386.188
Dingling_2016-12-20,282.199
Dongsi_2016-12-20,451.11
Guanyuan_2016-12-20,439.669
Gucheng_2016-12-20,456.432
Huairou_2016-12-20,341.653
Nongzhanguan_2016-12-20,364.399
Shunyi_2016-12-20,315.833
Tiantan_2016-12-20,433.614
Wanliu_2016-12-20,348.088
Wanshouxigong_2016-12-20,443.576
Aotizhongxin_2016-12-21,336.045
Changping_2016-12-21,374.568
Dingling_2016-12-21,408.657
Dongsi_2016-12-21,414.29
Guanyuan_2016-12-21,407.187
Gucheng_2016-12-21,434.697
Huairou_2016-12-21,399.237
Nongzhanguan_2016-12-21,370.472
Shunyi_2016-12-21,348.924
Tiantan_2016-12-21,401.672
Wanliu_2016-12-21,344.475
Wanshouxigong_2016-12-21,395.438
Aotizhongxin_2016-12-22,48.071
Changping_2016-12-22,33.156
Dingling_2016-12-22,20.147
Dongsi_2016-12-22,62.063
Guanyuan_2016-12-22,45.929
Gucheng_2016-12-22,21.558
Huairou_2016-12-22,82.914
Nongzhanguan_2016-12-22,60.741
Shunyi_2016-12-22,72.872
Tiantan_2016-12-22,66.99
Wanliu_2016-12-22,44.686
Wanshouxigong_2016-12-22,62.971
Aotizhongxin_2016-12-23,23.638
Changping_2016-12-23,23.758
Dingling_2016-12-23,24.407
Dongsi_2016-12-23,31.233
Guanyuan_2016-12-23,28.65
Gucheng_2016-12-23,34.543
Huairou_2016-12-23,17.588
Nongzhanguan_2016-12-23,30.582
Shunyi_2016-12-23,23.892
Tiantan_2016-12-23,32.34
Wanliu_2016-12-23,29.98
Wanshouxigong_2016-12-23,25.878
Aotizhongxin_2016-12-24,127.531
Changping_2016-12-24,113.761
Dingling_2016-12-24,108.747
Dongsi_2016-12-24,148.263
Guanyuan_2016-12-24,132.132
Gucheng_2016-12-24,136.142
Huairou_2016-12-24,88.219
Nongzhanguan_2016-12-24,129.913
Shunyi_2016-12-24,111.423
Tiantan_2016-12-24,126.159
Wanliu_2016-12-24,126.564
Wanshouxigong_2016-12-24,116.514
Aotizhongxin_2016-12-25,138.896
Changping_2016-12-25,124.604
Dingling_2016-12-25,128.971
Dongsi_2016-12-25,154.22
Guanyuan_2016-12-25,144.318
Gucheng_2016-12-25,142.05
Huairou_2016-12-25,114.371
Shunyi_2016-12-25,114.316
Tiantan_2016-12-25,146.615
Wanliu_2016-12-25,132.852
Wanshouxigong_2016-12-25,142.468
Aotizhongxin_2016-12-26,37.83
Changping_2016-12-26,39.91
Dingling_2016-12-26,34.309
Dongsi_2016-12-26,43.394
Guanyuan_2016-12-26,37.717
Gucheng_2016-12-26,39.933
Huairou_2016-12-26,23.716
Nongzhanguan_2016-12-26,40.201
Shunyi_2016-12-26,39.099
Tiantan_2016-12-26,40.379
Wanliu_2016-12-26,36.062
Wanshouxigong_2016-12-26,37.908
Aotizhongxin_2016-12-27,32.916
Changping_2016-12-27,36.948
Dingling_2016-12-27,24.258
Dongsi_2016-12-27,38.573
Guanyuan_2016-12-27,35.102
Gucheng_2016-12-27,48.835
Huairou_2016-12-27,24.619
Nongzhanguan_2016-12-27,36.305
Shunyi_2016-12-27,32.933
Tiantan_2016-12-27,39.685
Wanliu_2016-12-27,42.74
Wanshouxigong_2016-12-27,30.059
Aotizhongxin_2016-12-28,53.242
Changping_2016-12-28,40.598
Dingling_2016-12-28,35.217
Dongsi_2016-12-28,71.66
Guanyuan_2016-12-28,58.003
Gucheng_2016-12-28,61.273
Huairou_2016-12-28,49.296
Nongzhanguan_2016-12-28,65.469
Shunyi_2016-12-28,68.467
Tiantan_2016-12-28,65.507
Wanliu_2016-12-28,57.907
Wanshouxigong_2016-12-28,55.871
Aotizhongxin_2016-12-29,47.96
Changping_2016-12-29,35.876
Dingling_2016-12-29,34.163
Dongsi_2016-12-29,67.987
Guanyuan_2016-12-29,59.391
Gucheng_2016-12-29,56.568
Huairou_2016-12-29,35.289
Nongzhanguan_2016-12-29,64.006
Shunyi_2016-12-29,43.694
Tiantan_2016-12-29,50.107
Wanliu_2016-12-29,50.621
Wanshouxigong_2016-12-29,55.429
Aotizhongxin_2016-12-30,191.053
Changping_2016-12-30,109.623
Dingling_2016-12-30,107.545
Dongsi_2016-12-30,268.759
Guanyuan_2016-12-30,234.835
Gucheng_2016-12-30,192.249
Huairou_2016-12-30,105.793
Nongzhanguan_2016-12-30,242.671
Shunyi_2016-12-30,157.134
Tiantan_2016-12-30,258.535
Wanliu_2016-12-30,197.599
Wanshouxigong_2016-12-30,252.164
Aotizhongxin_2016-12-31,259.208
Changping_2016-12-31,186.29
Dingling_2016-12-31,189.724
Dongsi_2016-12-31,362.747
Guanyuan_2016-12-31,316.611
Gucheng_2016-12-31,284.526
Huairou_2016-12-31,149.729
Nongzhanguan_2016-12-31,291.875
Shunyi_2016-12-31,207.513
Tiantan_2016-12-31,337.706
Wanliu_2016-12-31,256.237
Wanshouxigong_2016-12-31,357.3
Aotizhongxin_2017-01-01,420.627
Changping_2017-01-01,395.626
Dingling_2017-01-01,281.989
Dongsi_2017-01-01,451.801
Guanyuan_2017-01-01,446.238
Gucheng_2017-01-01,444.675
Huairou_2017-01-01,419.239
Nongzhanguan_2017-01-01,451.167
Shunyi_2017-01-01,437.97
Tiantan_2017-01-01,449.745
Wanliu_2017-01-01,446.33
Wanshouxigong_2017-01-01,430.893
Aotizhongxin_2017-01-02,165.516
Changping_2017-01-02,139.028
Dingling_2017-01-02,96.786
Dongsi_2017-01-02,196.075
Guanyuan_2017-01-02,182.416
Gucheng_2017-01-02,170.059
Huairou_2017-01-02,187.666
Nongzhanguan_2017-01-02,185.207
Shunyi_2017-01-02,214.152
Tiantan_2017-01-02,223.13
Wanliu_2017-01-02,171.188
Wanshouxigong_2017-01-02,235.779
Aotizhongxin_2017-01-03,257.232
Changping_2017-01-03,200.302
Dingling_2017-01-03,176.513
Dongsi_2017-01-03,372.914
Gucheng_2017-01-03,295.508
Huairou_2017-01-03,168.213
Nongzhanguan_2017-01-03,370.083
Shunyi_2017-01-03,257.776
Tiantan_2017-01-03,364.698
Wanliu_2017-01-03,257.152
Wanshouxigong_2017-01-03,378.244
Aotizhongxin_2017-01-04,352.79
Changping_2017-01-04,230.83
Dingling_2017-01-04,149.136
Dongsi_2017-01-04,437.038
Gucheng_2017-01-04,439.015
Huairou_2017-01-04,213.106
Nongzhanguan_2017-01-04,435.587
Shunyi_2017-01-04,348.093
Tiantan_2017-01-04,449.61
Wanliu_2017-01-04,417.696
Wanshouxigong_2017-01-04,437.039
Aotizhongxin_2017-01-05,215.61
Changping_2017-01-05,244.02
Dingling_2017-01-05,232.953
Dongsi_2017-01-05,234.678
Guanyuan_2017-01-05,216.654
Gucheng_2017-01-05,253.513
Huairou_2017-01-05,262.836
Nongzhanguan_2017-01-05,215.943
Shunyi_2017-01-05,269.514
Tiantan_2017-01-05,223.337
Wanliu_2017-01-05,215.999
Wanshouxigong_2017-01-05,223.933
Aotizhongxin_2017-01-06,181.897
Changping_2017-01-06,160.719
Dingling_2017-01-06,164.565
Dongsi_2017-01-06,210.951
Guanyuan_2017-01-06,183.555
Gucheng_2017-01-06,178.607
Huairou_2017-01-06,162.572
Nongzhanguan_2017-01-06,209.18
Shunyi_2017-01-06,202.427
Tiantan_2017-01-06,194.163
Wanliu_2017-01-06,178.534
Wanshouxigong_2017-01-06,187.926
Aotizhongxin_2017-01-07,138.383
Changping_2017-01-07,143.836
Dingling_2017-01-07,118.22
Dongsi_2017-01-07,152.966
Guanyuan_2017-01-07,146.047
Gucheng_2017-01-07,156.293
Huairou_2017-01-07,131.327
Nongzhanguan_2017-01-07,161.975
Shunyi_2017-01-07,139.12
Tiantan_2017-01-07,157.47
Wanliu_2017-01-07,134.866
Wanshouxigong_2017-01-07,154.058
Aotizhongxin_2017-01-08,14.027
Changping_2017-01-08,16.348
Dingling_2017-01-08,11.518
Dongsi_2017-01-08,26.077
Guanyuan_2017-01-08,21.392
Gucheng_2017-01-08,42.832
Huairou_2017-01-08,33.817
Nongzhanguan_2017-01-08,18.381
Shunyi_2017-01-08,35.4
Tiantan_2017-01-08,37.259
Wanliu_2017-01-08,29.287
Wanshouxigong_2017-01-08,43.492
Aotizhongxin_2017-01-09,22.475
Changping_2017-01-09,22.686
Dingling_2017-01-09,20.34
Dongsi_2017-01-09,42.919
Guanyuan_2017-01-09,23.448
Gucheng_2017-01-09,28.6
Huairou_2017-01-09,19.813
Nongzhanguan_2017-01-09,23.554
Shunyi_2017-01-09,24.734
Tiantan_2017-01-09,28.201
Wanliu_2017-01-09,27.545
Wanshouxigong_2017-01-09,38.465
Aotizhongxin_2017-01-10,20.165
Changping_2017-01-10,19.892
Dingling_2017-01-10,13.131
Dongsi_2017-01-10,32.872
Guanyuan_2017-01-10,16.474
Gucheng_2017-01-10,33.896
Huairou_2017-01-10,13.525
Nongzhanguan_2017-01-10,20.714
Shunyi_2017-01-10,17.914
Tiantan_2017-01-10,26.942
Wanliu_2017-01-10,22.635
Wanshouxigong_2017-01-10,37.661
Aotizhongxin_2017-01-11,60.161
Changping_2017-01-11,48.159
Dingling_2017-01-11,30.231
Dongsi_2017-01-11,87.599
Guanyuan_2017-01-11,77.12
Gucheng_2017-01-11,74.55
Huairou_2017-01-11,36.045
Nongzhanguan_2017-01-11,71.857
Shunyi_2017-01-11,46.232
Tiantan_2017-01-11,95.361
Wanliu_2017-01-11,73.465
Wanshouxigong_2017-01-11,91.568
Aotizhongxin_2017-01-12,43.147
Changping_2017-01-12,25.647
Dingling_2017-01-12,18.61
Dongsi_2017-01-12,57.835
Guanyuan_2017-01-12,32.755
Gucheng_2017-01-12,53.298
Huairou_2017-01-12,25.777
Nongzhanguan_2017-01-12,43.911
Shunyi_2017-01-12,48.313
Tiantan_2017-01-12,54.41
Wanliu_2017-01-12,50.368
Wanshouxigong_2017-01-12,52.354
Aotizhongxin_2017-01-13,9.029
Changping_2017-01-13,15.478
Dingling_2017-01-13,8.897
Dongsi_2017-01-13,11.575
Guanyuan_2017-01-13,7.714
Gucheng_2017-01-13,10.96
Huairou_2017-01-13,9.347
Nongzhanguan_2017-01-13,8.401
Shunyi_2017-01-13,8.69
Tiantan_2017-01-13,11.24
Wanliu_2017-01-13,9.03
Wanshouxigong_2017-01-13,8.504
Aotizhongxin_2017-01-14,25.265
Changping_2017-01-14,29.405
Dingling_2017-01-14,24.645
Dongsi_2017-01-14,31.415
Guanyuan_2017-01-14,28.079
Gucheng_2017-01-14,36.423
Huairou_2017-01-14,27.73
Nongzhanguan_2017-01-14,25.861
Shunyi_2017-01-14,28.574
Tiantan_2017-01-14,31.033
Wanliu_2017-01-14,29.365
Wanshouxigong_2017-01-14,26.752
Aotizhongxin_2017-01-15,62.632
Changping_2017-01-15,68.945
Dingling_2017-01-15,72.542
Dongsi_2017-01-15,71.774
Guanyuan_2017-01-15,64.715
Gucheng_2017-01-15,69.251
Huairou_2017-01-15,70.462
Nongzhanguan_2017-01-15,69.25
Shunyi_2017-01-15,74.816
Tiantan_2017-01-15,68.065
Wanliu_2017-01-15,63.466
Wanshouxigong_2017-01-15,65.365
Aotizhongxin_2017-01-16,94.311
Changping_2017-01-16,94.117
Dingling_2017-01-16,102.536
Dongsi_2017-01-16,108.747
Guanyuan_2017-01-16,95.766
Gucheng_2017-01-16,115.937
Huairou_2017-01-16,84.343
Nongzhanguan_2017-01-16,100.819
Shunyi_2017-01-16,101.684
Tiantan_2017-01-16,88.592
Wanliu_2017-01-16,98.822
Wanshouxigong_2017-01-16,92.799
Aotizhongxin_2017-01-17,139.795
Changping_2017-01-17,107.928
Dingling_2017-01-17,111.269
Dongsi_2017-01-17,154.548
Guanyuan_2017-01-17,142.811
Gucheng_2017-01-17,145.914
Huairou_2017-01-17,119.3
Nongzhanguan_2017-01-17,142.164
Shunyi_2017-01-17,135.509
Tiantan_2017-01-17,130.751
Wanliu_2017-01-17,132.081
Wanshouxigong_2017-01-17,142.395
Aotizhongxin_2017-01-18,43.82
Changping_2017-01-18,29.745
Dingling_2017-01-18,28.944
Dongsi_2017-01-18,43.023
Guanyuan_2017-01-18,30.899
Gucheng_2017-01-18,66.74
Huairou_2017-01-18,33.161
Nongzhanguan_2017-01-18,46.054
Shunyi_2017-01-18,36.13
Tiantan_2017-01-18,41.707
Wanliu_2017-01-18,44.961
Wanshouxigong_2017-01-18,44.357
Aotizhongxin_2017-01-19,58.366
Changping_2017-01-19,46.379
Dingling_2017-01-19,34.43
Dongsi_2017-01-19,69.335
Guanyuan_2017-01-19,63.508
Gucheng_2017-01-19,66.085
Huairou_2017-01-19,30.054
Nongzhanguan_2017-01-19,65.734
Shunyi_2017-01-19,47.807
Tiantan_2017-01-19,67.774
Wanliu_2017-01-19,57.221
Wanshouxigong_2017-01-19,60.764
Aotizhongxin_2017-01-20,18.839
Changping_2017-01-20,20.854
Dingling_2017-01-20,15.409
Dongsi_2017-01-20,20.073
Guanyuan_2017-01-20,18.683
Gucheng_2017-01-20,24.247
Huairou_2017-01-20,13.608
Nongzhanguan_2017-01-20,18.41
Shunyi_2017-01-20,25.14
Tiantan_2017-01-20,24.071
Wanliu_2017-01-20,23.432
Wanshouxigong_2017-01-20,21.612
Aotizhongxin_2017-01-21,32.875
Changping_2017-01-21,24.099
Dingling_2017-01-21,23.633
Dongsi_2017-01-21,33.11
Guanyuan_2017-01-21,28.657
Gucheng_2017-01-21,33.945
Huairou_2017-01-21,15.3
Nongzhanguan_2017-01-21,24.983
Shunyi_2017-01-21,35.167
Tiantan_2017-01-21,35.747
Wanliu_2017-01-21,29.758
Wanshouxigong_2017-01-21,27.972
Aotizhongxin_2017-01-22,27.167
Changping_2017-01-22,18.589
Dingling_2017-01-22,15.572
Dongsi_2017-01-22,32.515
Guanyuan_2017-01-22,30.223
Gucheng_2017-01-22,34.996
Huairou_2017-01-22,14.273
Nongzhanguan_2017-01-22,31.404
Shunyi_2017-01-22,17.44
Tiantan_2017-01-22,30.946
Wanliu_2017-01-22,32.631
Wanshouxigong_2017-01-22,31.355
Aotizhongxin_2017-01-23,34.331
Changping_2017-01-23,34.028
Dingling_2017-01-23,28.43
Dongsi_2017-01-23,42.899
Guanyuan_2017-01-23,32.825
Gucheng_2017-01-23,39.225
Huairou_2017-01-23,22.059
Nongzhanguan_2017-01-23,39.613
Shunyi_2017-01-23,35.405
Tiantan_2017-01-23,35.202
Wanliu_2017-01-23,33.334
Wanshouxigong_2017-01-23,38.985
Aotizhongxin_2017-01-24,85.445
Changping_2017-01-24,71.16
Dingling_2017-01-24,68.94
Dongsi_2017-01-24,105.631
Guanyuan_2017-01-24,88.837
Gucheng_2017-01-24,94.268
Huairou_2017-01-24,54.264
Nongzhanguan_2017-01-24,100.698
Shunyi_2017-01-24,79.38
Tiantan_2017-01-24,101.094
Wanliu_2017-01-24,86.43
Wanshouxigong_2017-01-24,101.805
Aotizhongxin_2017-01-25,152.691
Changping_2017-01-25,135.655
Dingling_2017-01-25,136.461
Dongsi_2017-01-25,172.329
Guanyuan_2017-01-25,157.774
Gucheng_2017-01-25,151.221
Huairou_2017-01-25,126.428
Nongzhanguan_2017-01-25,154.143
Shunyi_2017-01-25,149.667
Tiantan_2017-01-25,156.96
Wanliu_2017-01-25,145.626
Wanshouxigong_2017-01-25,161.614
Aotizhongxin_2017-01-26,143.475
Changping_2017-01-26,131.118
Dingling_2017-01-26,124.983
Dongsi_2017-01-26,159.639
Guanyuan_2017-01-26,138.756
Gucheng_2017-01-26,125.594
Huairou_2017-01-26,132.318
Nongzhanguan_2017-01-26,149.402
Shunyi_2017-01-26,152.283
Tiantan_2017-01-26,155.814
Wanliu_2017-01-26,133.645
Wanshouxigong_2017-01-26,152.514
Aotizhongxin_2017-01-27,48.211
Changping_2017-01-27,44.673
Dingling_2017-01-27,37.51
Dongsi_2017-01-27,67.937
Guanyuan_2017-01-27,60.243
Gucheng_2017-01-27,57.094
Huairou_2017-01-27,53.404
Nongzhanguan_2017-01-27,55.873
Shunyi_2017-01-27,63.637
Tiantan_2017-01-27,57.62
Wanliu_2017-01-27,55.949
Wanshouxigong_2017-01-27,61.613
Aotizhongxin_2017-01-28,388.04
Changping_2017-01-28,295.276
Dingling_2017-01-28,243.54
Dongsi_2017-01-28,381.069
Guanyuan_2017-01-28,249.566
Gucheng_2017-01-28,220.679
Huairou_2017-01-28,253.166
Nongzhanguan_2017-01-28,385.875
Shunyi_2017-01-28,394.467
Tiantan_2017-01-28,411.456
Wanliu_2017-01-28,399.016
Wanshouxigong_2017-01-28,381.04
Aotizhongxin_2017-01-29,43.937
Changping_2017-01-29,25.967
Dingling_2017-01-29,23.884
Dongsi_2017-01-29,41.69
Guanyuan_2017-01-29,51.055
Gucheng_2017-01-29,34.462
Huairou_2017-01-29,31.962
Nongzhanguan_2017-01-29,42.116
Shunyi_2017-01-29,43.322
Tiantan_2017-01-29,41.251
Wanliu_2017-01-29,30.542
Wanshouxigong_2017-01-29,39.328
Aotizhongxin_2017-01-30,16.904
Changping_2017-01-30,20.893
Dingling_2017-01-30,11.976
Dongsi_2017-01-30,17.36
Guanyuan_2017-01-30,21.039
Gucheng_2017-01-30,19.76
Huairou_2017-01-30,14.024
Nongzhanguan_2017-01-30,17.256
Shunyi_2017-01-30,18.585
Tiantan_2017-01-30,19.933
Wanliu_2017-01-30,20.392
Wanshouxigong_2017-01-30,19.33
Aotizhongxin_2017-01-31,56.321
Changping_2017-01-31,44.525
Dingling_2017-01-31,38.849
Dongsi_2017-01-31,65.128
Guanyuan_2017-01-31,63.315
Gucheng_2017-01-31,73.935
Huairou_2017-01-31,53.302
Nongzhanguan_2017-01-31,59.346
Shunyi_2017-01-31,71.603
Tiantan_2017-01-31,64.572
Wanliu_2017-01-31,60.96
Wanshouxigong_2017-01-31,68.553
Aotizhongxin_2017-02-01,26.917
Changping_2017-02-01,27.478
Dingling_2017-02-01,20.803
Dongsi_2017-02-01,28.054
Guanyuan_2017-02-01,23.935
Gucheng_2017-02-01,39.464
Huairou_2017-02-01,26.872
Nongzhanguan_2017-02-01,25.13
Shunyi_2017-02-01,29.899
Tiantan_2017-02-01,30.055
Wanliu_2017-02-01,37.123
Wanshouxigong_2017-02-01,25.051
Aotizhongxin_2017-02-02,80.263
Changping_2017-02-02,72.392
Dingling_2017-02-02,60.925
Guanyuan_2017-02-02,79.224
Gucheng_2017-02-02,73.992
Huairou_2017-02-02,50.823
Nongzhanguan_2017-02-02,81.652
Shunyi_2017-02-02,72.643
Tiantan_2017-02-02,87.819
Wanliu_2017-02-02,89.218
Wanshouxigong_2017-02-02,88.325
Aotizhongxin_2017-02-03,143.896
Changping_2017-02-03,105.872
Dingling_2017-02-03,101.595
Dongsi_2017-02-03,172.157
Guanyuan_2017-02-03,151.492
Gucheng_2017-02-03,170.345
Huairou_2017-02-03,103.675
Nongzhanguan_2017-02-03,164.1
Shunyi_2017-02-03,137.755
Tiantan_2017-02-03,160.351
Wanliu_2017-02-03,147.425
Wanshouxigong_2017-02-03,157.662
Aotizhongxin_2017-02-04,253.153
Changping_2017-02-04,152.353
Dingling_2017-02-04,149.909
Dongsi_2017-02-04,281.407
Guanyuan_2017-02-04,254.421
Gucheng_2017-02-04,257.426
Huairou_2017-02-04,208.448
Nongzhanguan_2017-02-04,264.8
Shunyi_2017-02-04,243.04
Tiantan_2017-02-04,269.926
Wanliu_2017-02-04,218.222
Wanshouxigong_2017-02-04,273.664
Aotizhongxin_2017-02-05,11.725
Changping_2017-02-05,14.996
Dingling_2017-02-05,12.296
Dongsi_2017-02-05,13.059
Guanyuan_2017-02-05,11.313
Gucheng_2017-02-05,10.263
Huairou_2017-02-05,12.773
Nongzhanguan_2017-02-05,11.927
Shunyi_2017-02-05,15.309
Tiantan_2017-02-05,13.208
Wanliu_2017-02-05,15.566
Wanshouxigong_2017-02-05,11.132
Aotizhongxin_2017-02-06,13.051
Changping_2017-02-06,22.763
Dingling_2017-02-06,16.274
Dongsi_2017-02-06,14.436
Guanyuan_2017-02-06,12.823
Gucheng_2017-02-06,22.273
Huairou_2017-02-06,15.059
Nongzhanguan_2017-02-06,12.903
Shunyi_2017-02-06,14.964
Tiantan_2017-02-06,14.179
Wanliu_2017-02-06,15.459
Wanshouxigong_2017-02-06,12.764
Aotizhongxin_2017-02-07,78.819
Changping_2017-02-07,78.29
Dingling_2017-02-07,70.345
Dongsi_2017-02-07,88.086
Guanyuan_2017-02-07,79.615
Gucheng_2017-02-07,95.991
Huairou_2017-02-07,71.107
Nongzhanguan_2017-02-07,78.113
Shunyi_2017-02-07,97.161
Tiantan_2017-02-07,81.427
Wanliu_2017-02-07,82.416
Wanshouxigong_2017-02-07,76.712
Aotizhongxin_2017-02-08,41.245
Changping_2017-02-08,27.709
Dingling_2017-02-08,25.467
Dongsi_2017-02-08,38.213
Guanyuan_2017-02-08,32.448
Gucheng_2017-02-08,32.791
Huairou_2017-02-08,23.708
Nongzhanguan_2017-02-08,36.589
Shunyi_2017-02-08,28.828
Tiantan_2017-02-08,35.728
Wanliu_2017-02-08,39.416
Wanshouxigong_2017-02-08,32.584
Aotizhongxin_2017-02-09,8.687
Changping_2017-02-09,11.717
Dingling_2017-02-09,8.661
Dongsi_2017-02-09,9.278
Guanyuan_2017-02-09,10.132
Gucheng_2017-02-09,10.288
Huairou_2017-02-09,12.97
Nongzhanguan_2017-02-09,10.799
Shunyi_2017-02-09,7.263
Tiantan_2017-02-09,10.568
Wanliu_2017-02-09,8.988
Wanshouxigong_2017-02-09,7.73
Aotizhongxin_2017-02-10,9.174
Changping_2017-02-10,12.144
Dingling_2017-02-10,11.133
Dongsi_2017-02-10,12.032
Guanyuan_2017-02-10,8.983
Gucheng_2017-02-10,12.266
Huairou_2017-02-10,11.872
Nongzhanguan_2017-02-10,9.779
Shunyi_2017-02-10,8.793
Tiantan_2017-02-10,11.157
Wanliu_2017-02-10,11.507
Wanshouxigong_2017-02-10,8.505
Aotizhongxin_2017-02-11,43.368
Changping_2017-02-11,30.539
Dingling_2017-02-11,24.498
Dongsi_2017-02-11,59.77
Guanyuan_2017-02-11,41.795
Gucheng_2017-02-11,65.744
Huairou_2017-02-11,33.524
Nongzhanguan_2017-02-11,42.853
Shunyi_2017-02-11,31.782
Tiantan_2017-02-11,46.829
Wanliu_2017-02-11,56.238
Wanshouxigong_2017-02-11,50.401
Aotizhongxin_2017-02-12,117.113
Changping_2017-02-12,84.657
Dingling_2017-02-12,74.441
Dongsi_2017-02-12,172.018
Guanyuan_2017-02-12,129.122
Gucheng_2017-02-12,121.897
Huairou_2017-02-12,77.81
Nongzhanguan_2017-02-12,156.905
Shunyi_2017-02-12,107.559
Tiantan_2017-02-12,155.184
Wanliu_2017-02-12,109.582
Wanshouxigong_2017-02-12,141.436
Aotizhongxin_2017-02-13,98.41
Changping_2017-02-13,55.292
Dingling_2017-02-13,44.008
Dongsi_2017-02-13,106.379
Guanyuan_2017-02-13,101.125
Gucheng_2017-02-13,94.551
Huairou_2017-02-13,78.293
Nongzhanguan_2017-02-13,99.771
Shunyi_2017-02-13,83.718
Tiantan_2017-02-13,100.301
Wanliu_2017-02-13,87.638
Wanshouxigong_2017-02-13,93.281
Aotizhongxin_2017-02-14,179.569
Changping_2017-02-14,158.501
Dingling_2017-02-14,154.806
Dongsi_2017-02-14,187.424
Guanyuan_2017-02-14,186.737
Gucheng_2017-02-14,192.108
Huairou_2017-02-14,165.127
Nongzhanguan_2017-02-14,175.129
Shunyi_2017-02-14,192.217
Tiantan_2017-02-14,175.285
Wanliu_2017-02-14,180.907
Wanshouxigong_2017-02-14,177.513
Aotizhongxin_2017-02-15,214.415
Changping_2017-02-15,217.42
Dingling_2017-02-15,212.723
Dongsi_2017-02-15,221.225
Guanyuan_2017-02-15,214.766
Gucheng_2017-02-15,227.321
Huairou_2017-02-15,199.826
Nongzhanguan_2017-02-15,227.367
Shunyi_2017-02-15,214.374
Tiantan_2017-02-15,213.951
Wanliu_2017-02-15,224.263
Wanshouxigong_2017-02-15,226.848
Aotizhongxin_2017-02-16,90.055
Changping_2017-02-16,71.926
Dingling_2017-02-16,67.669
Dongsi_2017-02-16,84.236
Guanyuan_2017-02-16,80.658
Gucheng_2017-02-16,91.826
Huairou_2017-02-16,72.694
Nongzhanguan_2017-02-16,84.042
Shunyi_2017-02-16,83.9
Tiantan_2017-02-16,80.274
Wanliu_2017-02-16,89.913
Wanshouxigong_2017-02-16,80.773
Aotizhongxin_2017-02-17,18.377
Changping_2017-02-17,24.485
Dingling_2017-02-17,17.03
Dongsi_2017-02-17,20.334
Guanyuan_2017-02-17,17.674
Gucheng_2017-02-17,22.982
Huairou_2017-02-17,18.791
Nongzhanguan_2017-02-17,17.662
Shunyi_2017-02-17,21.504
Tiantan_2017-02-17,23.013
Wanliu_2017-02-17,22.777
Wanshouxigong_2017-02-17,21.167
Aotizhongxin_2017-02-18,82.418
Changping_2017-02-18,79.049
Dingling_2017-02-18,77.837
Dongsi_2017-02-18,105.707
Guanyuan_2017-02-18,89.091
Gucheng_2017-02-18,116.682
Huairou_2017-02-18,85.447
Nongzhanguan_2017-02-18,92.441
Shunyi_2017-02-18,82.313
Tiantan_2017-02-18,96.356
Wanliu_2017-02-18,94.065
Wanshouxigong_2017-02-18,94.084
Aotizhongxin_2017-02-19,94.879
Changping_2017-02-19,95.726
Dingling_2017-02-19,76.669
Dongsi_2017-02-19,126.657
Guanyuan_2017-02-19,100.152
Gucheng_2017-02-19,97.093
Huairou_2017-02-19,84.119
Nongzhanguan_2017-02-19,98.319
Shunyi_2017-02-19,90.457
Tiantan_2017-02-19,107.061
Wanliu_2017-02-19,96.546
Wanshouxigong_2017-02-19,100.74
Aotizhongxin_2017-02-20,16.298
Changping_2017-02-20,14.903
Dingling_2017-02-20,13.456
Dongsi_2017-02-20,18.131
Guanyuan_2017-02-20,16.463
Gucheng_2017-02-20,17.338
Huairou_2017-02-20,15.995
Nongzhanguan_2017-02-20,16.876
Shunyi_2017-02-20,23.175
Tiantan_2017-02-20,17.858
Wanliu_2017-02-20,18.231
Wanshouxigong_2017-02-20,16.378
Dingling_2017-02-21,68.793
Aotizhongxin_2017-02-22,71.284
Changping_2017-02-22,68.45
Dingling_2017-02-22,68.966
Dongsi_2017-02-22,73.319
Guanyuan_2017-02-22,64.339
Huairou_2017-02-22,67.847
Nongzhanguan_2017-02-22,67.997
Shunyi_2017-02-22,70.124
Tiantan_2017-02-22,77.811
Wanliu_2017-02-22,68.271
Wanshouxigong_2017-02-22,79.459
Aotizhongxin_2017-02-23,18.039
Changping_2017-02-23,19.83
Dingling_2017-02-23,14.965
Dongsi_2017-02-23,26.66
Guanyuan_2017-02-23,19.652
Gucheng_2017-02-23,29.809
Huairou_2017-02-23,17.865
Nongzhanguan_2017-02-23,21.564
Shunyi_2017-02-23,17.707
Tiantan_2017-02-23,24.634
Wanliu_2017-02-23,23.217
Wanshouxigong_2017-02-23,24.441
Aotizhongxin_2017-02-24,24.989
Changping_2017-02-24,20.851
Dingling_2017-02-24,16.247
Dongsi_2017-02-24,34.499
Guanyuan_2017-02-24,29.819
Gucheng_2017-02-24,36.584
Huairou_2017-02-24,20.351
Nongzhanguan_2017-02-24,30.131
Shunyi_2017-02-24,30.397
Tiantan_2017-02-24,38.675
Wanliu_2017-02-24,32.643
Wanshouxigong_2017-02-24,34.594
Aotizhongxin_2017-02-25,14.063
Changping_2017-02-25,16.379
Dingling_2017-02-25,13.413
Dongsi_2017-02-25,16.388
Guanyuan_2017-02-25,14.214
Gucheng_2017-02-25,11.403
Huairou_2017-02-25,15.897
Nongzhanguan_2017-02-25,15.026
Shunyi_2017-02-25,17.189
Tiantan_2017-02-25,15.993
Wanliu_2017-02-25,16.014
Wanshouxigong_2017-02-25,14.369
Aotizhongxin_2017-02-26,32.477
Changping_2017-02-26,34.856
Dingling_2017-02-26,28.396
Dongsi_2017-02-26,33.13
Guanyuan_2017-02-26,36.862
Gucheng_2017-02-26,45.299
Huairou_2017-02-26,27.843
Nongzhanguan_2017-02-26,32.006
Shunyi_2017-02-26,31.781
Tiantan_2017-02-26,31.17
Wanliu_2017-02-26,38.458
Wanshouxigong_2017-02-26,30.513
Aotizhongxin_2017-02-27,76.178
Changping_2017-02-27,59.961
Dingling_2017-02-27,51.036
Dongsi_2017-02-27,98.289
Gucheng_2017-02-27,85.683
Huairou_2017-02-27,67.017
Nongzhanguan_2017-02-27,90.296
Shunyi_2017-02-27,73.277
Tiantan_2017-02-27,83.687
Wanliu_2017-02-27,81.046
Wanshouxigong_2017-02-27,76.64
Aotizhongxin_2017-02-28,13.497
Changping_2017-02-28,15.274
Dingling_2017-02-28,11.74
Dongsi_2017-02-28,18.993
Gucheng_2017-02-28,17.135
Huairou_2017-02-28,21.068
Nongzhanguan_2017-02-28,16.206
Shunyi_2017-02-28,19.271
Tiantan_2017-02-28,19.582
Wanliu_2017-02-28,14.325
Wanshouxigong_2017-02-28,15.62
